2026-09-01T12:59:39.462+05:30  INFO 47928 --- [google-oauth2-sso-restapi] [restartedMain] c.f.GoogleOauth2SsoRestapiApplication    : Starting GoogleOauth2SsoRestapiApplication using Java 21.0.8 with PID 47928 (D:\AssignmentFragma\google-oauth2-sso-restapi\target\classes started by Sunitha in D:\AssignmentFragma\google-oauth2-sso-restapi)
2026-09-01T12:59:39.474+05:30 DEBUG 47928 --- [google-oauth2-sso-restapi] [restartedMain] c.f.GoogleOauth2SsoRestapiApplication    : Running with Spring Boot v4.1.1, Spring v7.0.9
2026-09-01T12:59:39.478+05:30  INFO 47928 --- [google-oauth2-sso-restapi] [restartedMain] c.f.GoogleOauth2SsoRestapiApplication    : No active profile set, falling back to 1 default profile: "default"
2026-09-01T12:59:39.685+05:30  INFO 47928 --- [google-oauth2-sso-restapi] [restartedMain] o.s.b.devtools.restart.ChangeableUrls    : The Class-Path manifest attribute in C:\Users\gugul\.m2\repository\com\oracle\database\jdbc\ojdbc17\23.26.3.0.0\ojdbc17-23.26.3.0.0.jar referenced one or more files that do not exist: file:/C:/Users/gugul/.m2/repository/com/oracle/database/jdbc/ojdbc17/23.26.3.0.0/oraclepki.jar
2026-09-01T12:59:39.687+05:30  INFO 47928 --- [google-oauth2-sso-restapi] [restartedMain] .e.DevToolsPropertyDefaultsPostProcessor : Devtools property defaults active! Set 'spring.devtools.add-properties' to 'false' to disable
2026-09-01T12:59:39.689+05:30  INFO 47928 --- [google-oauth2-sso-restapi] [restartedMain] .e.DevToolsPropertyDefaultsPostProcessor : For additional web related logging consider setting the 'logging.level.web' property to 'DEBUG'
2026-09-01T12:59:40.797+05:30  WARN 47928 --- [google-oauth2-sso-restapi] [restartedMain] ConfigServletWebServerApplicationContext : Exception encountered during context initialization - cancelling refresh attempt: org.springframework.beans.factory.BeanDefinitionStoreException: I/O failure while processing configuration class [com.fragma.GoogleOauth2SsoRestapiApplication]
2026-09-01T12:59:41.014+05:30 ERROR 47928 --- [google-oauth2-sso-restapi] [restartedMain] o.s.boot.SpringApplication               : Application run failed

org.springframework.beans.factory.BeanDefinitionStoreException: I/O failure while processing configuration class [com.fragma.GoogleOauth2SsoRestapiApplication]
	at org.springframework.context.annotation.ConfigurationClassParser.processConfigurationClass(ConfigurationClassParser.java:290) ~[spring-context-7.0.9.jar:7.0.9]
	at org.springframework.context.annotation.ConfigurationClassParser.parse(ConfigurationClassParser.java:206) ~[spring-context-7.0.9.jar:7.0.9]
	at org.springframework.context.annotation.ConfigurationClassParser.parse(ConfigurationClassParser.java:174) ~[spring-context-7.0.9.jar:7.0.9]
	at org.springframework.context.annotation.ConfigurationClassPostProcessor.processConfigBeanDefinitions(ConfigurationClassPostProcessor.java:452) ~[spring-context-7.0.9.jar:7.0.9]
	at org.springframework.context.annotation.ConfigurationClassPostProcessor.postProcessBeanDefinitionRegistry(ConfigurationClassPostProcessor.java:316) ~[spring-context-7.0.9.jar:7.0.9]
	at org.springframework.context.support.PostProcessorRegistrationDelegate.invokeBeanDefinitionRegistryPostProcessors(PostProcessorRegistrationDelegate.java:349) ~[spring-context-7.0.9.jar:7.0.9]
	at org.springframework.context.support.PostProcessorRegistrationDelegate.invokeBeanFactoryPostProcessors(PostProcessorRegistrationDelegate.java:118) ~[spring-context-7.0.9.jar:7.0.9]
	at org.springframework.context.support.AbstractApplicationContext.invokeBeanFactoryPostProcessors(AbstractApplicationContext.java:795) ~[spring-context-7.0.9.jar:7.0.9]
	at org.springframework.context.support.AbstractApplicationContext.refresh(AbstractApplicationContext.java:603) ~[spring-context-7.0.9.jar:7.0.9]
	at org.springframework.boot.web.server.servlet.context.ServletWebServerApplicationContext.refresh(ServletWebServerApplicationContext.java:143) ~[spring-boot-web-server-4.1.1.jar:4.1.1]
	at org.springframework.boot.SpringApplication.refresh(SpringApplication.java:756) ~[spring-boot-4.1.1.jar:4.1.1]
	at org.springframework.boot.SpringApplication.refreshContext(SpringApplication.java:445) ~[spring-boot-4.1.1.jar:4.1.1]
	at org.springframework.boot.SpringApplication.run(SpringApplication.java:321) ~[spring-boot-4.1.1.jar:4.1.1]
	at org.springframework.boot.SpringApplication.run(SpringApplication.java:1365) ~[spring-boot-4.1.1.jar:4.1.1]
	at org.springframework.boot.SpringApplication.run(SpringApplication.java:1354) ~[spring-boot-4.1.1.jar:4.1.1]
	at com.fragma.GoogleOauth2SsoRestapiApplication.main(GoogleOauth2SsoRestapiApplication.java:12) ~[classes/:na]
	at java.base/jdk.internal.reflect.DirectMethodHandleAccessor.invoke(DirectMethodHandleAccessor.java:103) ~[na:na]
	at java.base/java.lang.reflect.Method.invoke(Method.java:580) ~[na:na]
	at org.springframework.boot.devtools.restart.RestartLauncher.run(RestartLauncher.java:52) ~[spring-boot-devtools-4.1.1.jar:4.1.1]
Caused by: java.io.FileNotFoundException: class path resource [com/fragma/config/DynamicClientRegistrationRepository.class] cannot be opened because it does not exist
	at org.springframework.core.io.ClassPathResource.getInputStream(ClassPathResource.java:212) ~[spring-core-7.0.9.jar:7.0.9]
	at org.springframework.core.type.classreading.SimpleMetadataReader.getClassReader(SimpleMetadataReader.java:54) ~[spring-core-7.0.9.jar:7.0.9]
	at org.springframework.core.type.classreading.SimpleMetadataReader.<init>(SimpleMetadataReader.java:48) ~[spring-core-7.0.9.jar:7.0.9]
	at org.springframework.core.type.classreading.SimpleMetadataReaderFactory.getMetadataReader(SimpleMetadataReaderFactory.java:62) ~[spring-core-7.0.9.jar:7.0.9]
	at org.springframework.core.type.classreading.CachingMetadataReaderFactory.getMetadataReader(CachingMetadataReaderFactory.java:127) ~[spring-core-7.0.9.jar:7.0.9]
	at org.springframework.core.type.classreading.AbstractMetadataReaderFactory.getMetadataReader(AbstractMetadataReaderFactory.java:62) ~[spring-core-7.0.9.jar:7.0.9]
	at org.springframework.core.type.classreading.CachingMetadataReaderFactory.getMetadataReader(CachingMetadataReaderFactory.java:40) ~[spring-core-7.0.9.jar:7.0.9]
	at org.springframework.context.annotation.ConfigurationClassParser.parse(ConfigurationClassParser.java:218) ~[spring-context-7.0.9.jar:7.0.9]
	at org.springframework.context.annotation.ConfigurationClassParser.doProcessConfigurationClass(ConfigurationClassParser.java:357) ~[spring-context-7.0.9.jar:7.0.9]
	at org.springframework.context.annotation.ConfigurationClassParser.processConfigurationClass(ConfigurationClassParser.java:285) ~[spring-context-7.0.9.jar:7.0.9]
	... 18 common frames omitted

2026-09-01T12:59:45.887+05:30  INFO 4468 --- [google-oauth2-sso-restapi] [restartedMain] c.f.GoogleOauth2SsoRestapiApplication    : Starting GoogleOauth2SsoRestapiApplication using Java 21.0.8 with PID 4468 (D:\AssignmentFragma\google-oauth2-sso-restapi\target\classes started by Sunitha in D:\AssignmentFragma\google-oauth2-sso-restapi)
2026-09-01T12:59:45.893+05:30 DEBUG 4468 --- [google-oauth2-sso-restapi] [restartedMain] c.f.GoogleOauth2SsoRestapiApplication    : Running with Spring Boot v4.1.1, Spring v7.0.9
2026-09-01T12:59:45.897+05:30  INFO 4468 --- [google-oauth2-sso-restapi] [restartedMain] c.f.GoogleOauth2SsoRestapiApplication    : No active profile set, falling back to 1 default profile: "default"
2026-09-01T12:59:46.025+05:30  INFO 4468 --- [google-oauth2-sso-restapi] [restartedMain] o.s.b.devtools.restart.ChangeableUrls    : The Class-Path manifest attribute in C:\Users\gugul\.m2\repository\com\oracle\database\jdbc\ojdbc17\23.26.3.0.0\ojdbc17-23.26.3.0.0.jar referenced one or more files that do not exist: file:/C:/Users/gugul/.m2/repository/com/oracle/database/jdbc/ojdbc17/23.26.3.0.0/oraclepki.jar
2026-09-01T12:59:46.027+05:30  INFO 4468 --- [google-oauth2-sso-restapi] [restartedMain] .e.DevToolsPropertyDefaultsPostProcessor : Devtools property defaults active! Set 'spring.devtools.add-properties' to 'false' to disable
2026-09-01T12:59:46.033+05:30  INFO 4468 --- [google-oauth2-sso-restapi] [restartedMain] .e.DevToolsPropertyDefaultsPostProcessor : For additional web related logging consider setting the 'logging.level.web' property to 'DEBUG'
2026-09-01T12:59:47.635+05:30  INFO 4468 --- [google-oauth2-sso-restapi] [restartedMain] .s.d.r.c.RepositoryConfigurationDelegate : Bootstrapping Spring Data JPA repositories in DEFAULT mode.
2026-09-01T12:59:47.742+05:30  INFO 4468 --- [google-oauth2-sso-restapi] [restartedMain] .s.d.r.c.RepositoryConfigurationDelegate : Finished Spring Data repository scanning in 96 ms. Found 2 JPA repository interfaces.
2026-09-01T12:59:49.073+05:30  INFO 4468 --- [google-oauth2-sso-restapi] [restartedMain] o.s.boot.tomcat.TomcatWebServer          : Tomcat initialized with port 8080 (http)
2026-09-01T12:59:49.109+05:30  INFO 4468 --- [google-oauth2-sso-restapi] [restartedMain] o.apache.catalina.core.StandardService   : Starting service [Tomcat]
2026-09-01T12:59:49.113+05:30  INFO 4468 --- [google-oauth2-sso-restapi] [restartedMain] o.apache.catalina.core.StandardEngine    : Starting Servlet engine: [Apache Tomcat/11.0.24]
2026-09-01T12:59:49.200+05:30  INFO 4468 --- [google-oauth2-sso-restapi] [restartedMain] b.w.c.s.WebApplicationContextInitializer : Root WebApplicationContext: initialization completed in 3165 ms
2026-09-01T12:59:49.954+05:30  INFO 4468 --- [google-oauth2-sso-restapi] [restartedMain] org.hibernate.orm.jpa                    : HHH008540: Processing PersistenceUnitInfo [name: default]
2026-09-01T12:59:50.068+05:30  INFO 4468 --- [google-oauth2-sso-restapi] [restartedMain] org.hibernate.orm.core                   : HHH000001: Hibernate ORM core version 7.4.5.Final
2026-09-01T12:59:50.870+05:30  INFO 4468 --- [google-oauth2-sso-restapi] [restartedMain] o.s.o.j.p.SpringPersistenceUnitInfo      : No LoadTimeWeaver setup: ignoring JPA class transformer
2026-09-01T12:59:50.942+05:30  INFO 4468 --- [google-oauth2-sso-restapi] [restartedMain] com.zaxxer.hikari.HikariDataSource       : HikariPool-1 - Starting...
2026-09-01T12:59:51.655+05:30  INFO 4468 --- [google-oauth2-sso-restapi] [restartedMain] com.zaxxer.hikari.pool.HikariPool        : HikariPool-1 - Added connection oracle.jdbc.driver.T4CConnection@219bedb6
2026-09-01T12:59:51.657+05:30  INFO 4468 --- [google-oauth2-sso-restapi] [restartedMain] com.zaxxer.hikari.HikariDataSource       : HikariPool-1 - Start completed.
2026-09-01T12:59:52.098+05:30  WARN 4468 --- [google-oauth2-sso-restapi] [restartedMain] org.hibernate.orm.jdbc                   : HHH100123: Low default JDBC fetch size: 10 (consider setting 'hibernate.jdbc.fetch_size')
2026-09-01T12:59:52.114+05:30  INFO 4468 --- [google-oauth2-sso-restapi] [restartedMain] org.hibernate.orm.connections.pooling    : HHH10001005: Database info:
	Database JDBC URL [jdbc:oracle:thin:@localhost:1521:orcl]
	Database driver: Oracle JDBC driver
	Database dialect: OracleDialect
	Database version: 21.3
	Default catalog/schema: undefined/SUNITHA
	Autocommit mode: undefined/unknown
	Isolation level: READ_COMMITTED [default READ_COMMITTED]
	JDBC fetch size: 10
	Pool: DataSourceConnectionProvider
	Minimum pool size: undefined/unknown
	Maximum pool size: undefined/unknown
2026-09-01T12:59:53.610+05:30  INFO 4468 --- [google-oauth2-sso-restapi] [restartedMain] org.hibernate.orm.core                   : HHH000489: No JTA platform available (set 'hibernate.transaction.jta.platform' to enable JTA platform integration)
2026-09-01T12:59:54.328+05:30  INFO 4468 --- [google-oauth2-sso-restapi] [restartedMain] j.LocalContainerEntityManagerFactoryBean : Initialized JPA EntityManagerFactory for persistence unit 'default'
2026-09-01T12:59:54.545+05:30  INFO 4468 --- [google-oauth2-sso-restapi] [restartedMain] o.s.d.j.r.query.QueryEnhancerFactories   : Hibernate is in classpath; If applicable, HQL parser will be used.
2026-09-01T12:59:55.436+05:30  WARN 4468 --- [google-oauth2-sso-restapi] [restartedMain] JpaBaseConfiguration$JpaWebConfiguration : spring.jpa.open-in-view is enabled by default. Therefore, database queries may be performed during view rendering. Explicitly configure spring.jpa.open-in-view to disable this warning
2026-09-01T12:59:57.057+05:30  INFO 4468 --- [google-oauth2-sso-restapi] [restartedMain] o.s.boot.tomcat.TomcatWebServer          : Tomcat started on port 8080 (http) with context path '/'
2026-09-01T12:59:57.159+05:30  INFO 4468 --- [google-oauth2-sso-restapi] [restartedMain] c.f.GoogleOauth2SsoRestapiApplication    : Started GoogleOauth2SsoRestapiApplication in 12.168 seconds (process running for 13.266)
2026-09-01T13:00:16.252+05:30  INFO 4468 --- [google-oauth2-sso-restapi] [http-nio-8080-exec-1] o.a.c.c.C.[Tomcat].[localhost].[/]       : Initializing Spring DispatcherServlet 'dispatcherServlet'
2026-09-01T13:00:16.255+05:30  INFO 4468 --- [google-oauth2-sso-restapi] [http-nio-8080-exec-1] o.s.web.servlet.DispatcherServlet        : Initializing Servlet 'dispatcherServlet'
2026-09-01T13:00:16.268+05:30  INFO 4468 --- [google-oauth2-sso-restapi] [http-nio-8080-exec-1] o.s.web.servlet.DispatcherServlet        : Completed initialization in 11 ms
2026-09-01T13:00:16.673+05:30  INFO 4468 --- [google-oauth2-sso-restapi] [http-nio-8080-exec-1] com.fragma.service.AuthService           : Fetching enabled OAuth providers from database
2026-09-01T13:00:21.175+05:30  INFO 4468 --- [google-oauth2-sso-restapi] [http-nio-8080-exec-3] com.fragma.controller.AuthController     : OAuth login request received for provider: google
2026-09-01T13:00:21.304+05:30  INFO 4468 --- [google-oauth2-sso-restapi] [http-nio-8080-exec-3] com.fragma.controller.AuthController     : OAuth provider validated: google
2026-09-01T13:00:21.308+05:30  INFO 4468 --- [google-oauth2-sso-restapi] [http-nio-8080-exec-3] com.fragma.controller.AuthController     : Redirecting user to OAuth authorization endpoint
2026-09-01T13:00:30.119+05:30  INFO 4468 --- [google-oauth2-sso-restapi] [http-nio-8080-exec-4] com.fragma.config.OAuth2SuccessHandler   : OAuth authentication successful
2026-09-01T13:00:30.121+05:30  INFO 4468 --- [google-oauth2-sso-restapi] [http-nio-8080-exec-4] com.fragma.config.OAuth2SuccessHandler   : OAuth provider authentication completed: google
2026-09-01T13:00:30.123+05:30  INFO 4468 --- [google-oauth2-sso-restapi] [http-nio-8080-exec-4] com.fragma.config.OAuth2SuccessHandler   : Checking whether OAuth user is already registered
2026-09-01T13:00:30.137+05:30 DEBUG 4468 --- [google-oauth2-sso-restapi] [http-nio-8080-exec-4] com.fragma.service.AuthService           : Checking whether user already exists
2026-09-01T13:00:30.524+05:30  INFO 4468 --- [google-oauth2-sso-restapi] [http-nio-8080-exec-4] com.fragma.service.AuthService           : Existing user found
2026-09-01T13:00:30.525+05:30  INFO 4468 --- [google-oauth2-sso-restapi] [http-nio-8080-exec-4] com.fragma.config.OAuth2SuccessHandler   : Existing user detected. Redirecting to profile page
2026-09-01T13:00:31.144+05:30  INFO 4468 --- [google-oauth2-sso-restapi] [http-nio-8080-exec-6] com.fragma.controller.AuthController     : Profile request received
2026-09-01T13:00:31.145+05:30 DEBUG 4468 --- [google-oauth2-sso-restapi] [http-nio-8080-exec-6] com.fragma.controller.AuthController     : Fetching profile for authenticated user
2026-09-01T13:00:31.152+05:30  INFO 4468 --- [google-oauth2-sso-restapi] [http-nio-8080-exec-6] com.fragma.service.AuthService           : Searching for user profile
2026-09-01T13:00:34.809+05:30  INFO 4468 --- [google-oauth2-sso-restapi] [http-nio-8080-exec-9] com.fragma.controller.AuthController     : OAuth login request received for provider: cognito
2026-09-01T13:00:34.820+05:30  INFO 4468 --- [google-oauth2-sso-restapi] [http-nio-8080-exec-9] com.fragma.controller.AuthController     : OAuth provider validated: cognito
2026-09-01T13:00:34.824+05:30  INFO 4468 --- [google-oauth2-sso-restapi] [http-nio-8080-exec-9] com.fragma.controller.AuthController     : Redirecting user to OAuth authorization endpoint
2026-09-01T13:00:37.946+05:30  INFO 4468 --- [google-oauth2-sso-restapi] [http-nio-8080-exec-2] com.fragma.config.OAuth2SuccessHandler   : OAuth authentication successful
2026-09-01T13:00:37.949+05:30  INFO 4468 --- [google-oauth2-sso-restapi] [http-nio-8080-exec-2] com.fragma.config.OAuth2SuccessHandler   : OAuth provider authentication completed: cognito
2026-09-01T13:00:37.950+05:30  INFO 4468 --- [google-oauth2-sso-restapi] [http-nio-8080-exec-2] com.fragma.config.OAuth2SuccessHandler   : Checking whether OAuth user is already registered
2026-09-01T13:00:37.950+05:30 DEBUG 4468 --- [google-oauth2-sso-restapi] [http-nio-8080-exec-2] com.fragma.service.AuthService           : Checking whether user already exists
2026-09-01T13:00:37.957+05:30  INFO 4468 --- [google-oauth2-sso-restapi] [http-nio-8080-exec-2] com.fragma.service.AuthService           : Existing user found
2026-09-01T13:00:37.957+05:30  INFO 4468 --- [google-oauth2-sso-restapi] [http-nio-8080-exec-2] com.fragma.config.OAuth2SuccessHandler   : Existing user detected. Redirecting to profile page
2026-09-01T13:00:38.050+05:30  INFO 4468 --- [google-oauth2-sso-restapi] [http-nio-8080-exec-1] com.fragma.controller.AuthController     : Profile request received
2026-09-01T13:00:38.050+05:30 DEBUG 4468 --- [google-oauth2-sso-restapi] [http-nio-8080-exec-1] com.fragma.controller.AuthController     : Fetching profile for authenticated user
2026-09-01T13:00:38.053+05:30  INFO 4468 --- [google-oauth2-sso-restapi] [http-nio-8080-exec-1] com.fragma.service.AuthService           : Searching for user profile
2026-09-01T13:00:45.155+05:30  INFO 4468 --- [google-oauth2-sso-restapi] [http-nio-8080-exec-4] com.fragma.controller.AuthController     : OAuth login request received for provider: azure
2026-09-01T13:00:45.189+05:30  INFO 4468 --- [google-oauth2-sso-restapi] [http-nio-8080-exec-4] com.fragma.controller.AuthController     : OAuth provider validated: azure
2026-09-01T13:00:45.189+05:30  INFO 4468 --- [google-oauth2-sso-restapi] [http-nio-8080-exec-4] com.fragma.controller.AuthController     : Redirecting user to OAuth authorization endpoint
2026-09-01T13:00:48.920+05:30  INFO 4468 --- [google-oauth2-sso-restapi] [http-nio-8080-exec-7] com.fragma.config.OAuth2SuccessHandler   : OAuth authentication successful
2026-09-01T13:00:48.922+05:30  INFO 4468 --- [google-oauth2-sso-restapi] [http-nio-8080-exec-7] com.fragma.config.OAuth2SuccessHandler   : OAuth provider authentication completed: azure
2026-09-01T13:00:48.924+05:30  INFO 4468 --- [google-oauth2-sso-restapi] [http-nio-8080-exec-7] com.fragma.config.OAuth2SuccessHandler   : Checking whether OAuth user is already registered
2026-09-01T13:00:48.924+05:30 DEBUG 4468 --- [google-oauth2-sso-restapi] [http-nio-8080-exec-7] com.fragma.service.AuthService           : Checking whether user already exists
2026-09-01T13:00:48.952+05:30  INFO 4468 --- [google-oauth2-sso-restapi] [http-nio-8080-exec-7] com.fragma.service.AuthService           : Existing user found
2026-09-01T13:00:48.952+05:30  INFO 4468 --- [google-oauth2-sso-restapi] [http-nio-8080-exec-7] com.fragma.config.OAuth2SuccessHandler   : Existing user detected. Redirecting to profile page
2026-09-01T13:00:49.204+05:30  INFO 4468 --- [google-oauth2-sso-restapi] [http-nio-8080-exec-8] com.fragma.controller.AuthController     : Profile request received
2026-09-01T13:00:49.207+05:30 DEBUG 4468 --- [google-oauth2-sso-restapi] [http-nio-8080-exec-8] com.fragma.controller.AuthController     : Fetching profile for authenticated user
2026-09-01T13:00:49.210+05:30  INFO 4468 --- [google-oauth2-sso-restapi] [http-nio-8080-exec-8] com.fragma.service.AuthService           : Searching for user profile
2026-09-01T14:28:56.251+05:30  INFO 6704 --- [google-oauth2-sso-restapi] [restartedMain] c.f.GoogleOauth2SsoRestapiApplication    : Starting GoogleOauth2SsoRestapiApplication using Java 21.0.8 with PID 6704 (D:\AssignmentFragma\google-oauth2-sso-restapi\target\classes started by Sunitha in D:\AssignmentFragma\google-oauth2-sso-restapi)
2026-09-01T14:28:56.259+05:30 DEBUG 6704 --- [google-oauth2-sso-restapi] [restartedMain] c.f.GoogleOauth2SsoRestapiApplication    : Running with Spring Boot v4.1.1, Spring v7.0.9
2026-09-01T14:28:56.262+05:30  INFO 6704 --- [google-oauth2-sso-restapi] [restartedMain] c.f.GoogleOauth2SsoRestapiApplication    : No active profile set, falling back to 1 default profile: "default"
2026-09-01T14:28:56.352+05:30  INFO 6704 --- [google-oauth2-sso-restapi] [restartedMain] o.s.b.devtools.restart.ChangeableUrls    : The Class-Path manifest attribute in C:\Users\gugul\.m2\repository\com\oracle\database\jdbc\ojdbc17\23.26.3.0.0\ojdbc17-23.26.3.0.0.jar referenced one or more files that do not exist: file:/C:/Users/gugul/.m2/repository/com/oracle/database/jdbc/ojdbc17/23.26.3.0.0/oraclepki.jar
2026-09-01T14:28:56.352+05:30  INFO 6704 --- [google-oauth2-sso-restapi] [restartedMain] .e.DevToolsPropertyDefaultsPostProcessor : Devtools property defaults active! Set 'spring.devtools.add-properties' to 'false' to disable
2026-09-01T14:28:56.353+05:30  INFO 6704 --- [google-oauth2-sso-restapi] [restartedMain] .e.DevToolsPropertyDefaultsPostProcessor : For additional web related logging consider setting the 'logging.level.web' property to 'DEBUG'
2026-09-01T14:28:57.477+05:30  INFO 6704 --- [google-oauth2-sso-restapi] [restartedMain] .s.d.r.c.RepositoryConfigurationDelegate : Bootstrapping Spring Data JPA repositories in DEFAULT mode.
2026-09-01T14:28:57.567+05:30  INFO 6704 --- [google-oauth2-sso-restapi] [restartedMain] .s.d.r.c.RepositoryConfigurationDelegate : Finished Spring Data repository scanning in 80 ms. Found 2 JPA repository interfaces.
2026-09-01T14:28:58.602+05:30  INFO 6704 --- [google-oauth2-sso-restapi] [restartedMain] o.s.boot.tomcat.TomcatWebServer          : Tomcat initialized with port 8080 (http)
2026-09-01T14:28:58.632+05:30  INFO 6704 --- [google-oauth2-sso-restapi] [restartedMain] o.apache.catalina.core.StandardService   : Starting service [Tomcat]
2026-09-01T14:28:58.634+05:30  INFO 6704 --- [google-oauth2-sso-restapi] [restartedMain] o.apache.catalina.core.StandardEngine    : Starting Servlet engine: [Apache Tomcat/11.0.24]
2026-09-01T14:28:58.718+05:30  INFO 6704 --- [google-oauth2-sso-restapi] [restartedMain] b.w.c.s.WebApplicationContextInitializer : Root WebApplicationContext: initialization completed in 2364 ms
2026-09-01T14:28:59.303+05:30  INFO 6704 --- [google-oauth2-sso-restapi] [restartedMain] org.hibernate.orm.jpa                    : HHH008540: Processing PersistenceUnitInfo [name: default]
2026-09-01T14:28:59.369+05:30  INFO 6704 --- [google-oauth2-sso-restapi] [restartedMain] org.hibernate.orm.core                   : HHH000001: Hibernate ORM core version 7.4.5.Final
2026-09-01T14:28:59.991+05:30  INFO 6704 --- [google-oauth2-sso-restapi] [restartedMain] o.s.o.j.p.SpringPersistenceUnitInfo      : No LoadTimeWeaver setup: ignoring JPA class transformer
2026-09-01T14:29:00.040+05:30  INFO 6704 --- [google-oauth2-sso-restapi] [restartedMain] com.zaxxer.hikari.HikariDataSource       : HikariPool-1 - Starting...
2026-09-01T14:29:00.546+05:30  INFO 6704 --- [google-oauth2-sso-restapi] [restartedMain] com.zaxxer.hikari.pool.HikariPool        : HikariPool-1 - Added connection oracle.jdbc.driver.T4CConnection@366cc48f
2026-09-01T14:29:00.549+05:30  INFO 6704 --- [google-oauth2-sso-restapi] [restartedMain] com.zaxxer.hikari.HikariDataSource       : HikariPool-1 - Start completed.
2026-09-01T14:29:00.904+05:30  WARN 6704 --- [google-oauth2-sso-restapi] [restartedMain] org.hibernate.orm.jdbc                   : HHH100123: Low default JDBC fetch size: 10 (consider setting 'hibernate.jdbc.fetch_size')
2026-09-01T14:29:00.915+05:30  INFO 6704 --- [google-oauth2-sso-restapi] [restartedMain] org.hibernate.orm.connections.pooling    : HHH10001005: Database info:
	Database JDBC URL [jdbc:oracle:thin:@localhost:1521:orcl]
	Database driver: Oracle JDBC driver
	Database dialect: OracleDialect
	Database version: 21.3
	Default catalog/schema: undefined/SUNITHA
	Autocommit mode: undefined/unknown
	Isolation level: READ_COMMITTED [default READ_COMMITTED]
	JDBC fetch size: 10
	Pool: DataSourceConnectionProvider
	Minimum pool size: undefined/unknown
	Maximum pool size: undefined/unknown
2026-09-01T14:29:01.888+05:30  INFO 6704 --- [google-oauth2-sso-restapi] [restartedMain] org.hibernate.orm.core                   : HHH000489: No JTA platform available (set 'hibernate.transaction.jta.platform' to enable JTA platform integration)
2026-09-01T14:29:02.310+05:30  INFO 6704 --- [google-oauth2-sso-restapi] [restartedMain] j.LocalContainerEntityManagerFactoryBean : Initialized JPA EntityManagerFactory for persistence unit 'default'
2026-09-01T14:29:02.454+05:30  INFO 6704 --- [google-oauth2-sso-restapi] [restartedMain] o.s.d.j.r.query.QueryEnhancerFactories   : Hibernate is in classpath; If applicable, HQL parser will be used.
2026-09-01T14:29:03.150+05:30  WARN 6704 --- [google-oauth2-sso-restapi] [restartedMain] JpaBaseConfiguration$JpaWebConfiguration : spring.jpa.open-in-view is enabled by default. Therefore, database queries may be performed during view rendering. Explicitly configure spring.jpa.open-in-view to disable this warning
2026-09-01T14:29:04.044+05:30  INFO 6704 --- [google-oauth2-sso-restapi] [restartedMain] o.s.boot.tomcat.TomcatWebServer          : Tomcat started on port 8080 (http) with context path '/'
2026-09-01T14:29:04.054+05:30  INFO 6704 --- [google-oauth2-sso-restapi] [restartedMain] c.f.GoogleOauth2SsoRestapiApplication    : Started GoogleOauth2SsoRestapiApplication in 8.495 seconds (process running for 9.561)
2026-09-01T15:32:22.541+05:30  WARN 6704 --- [google-oauth2-sso-restapi] [HikariPool-1:housekeeper] com.zaxxer.hikari.pool.HikariPool        : HikariPool-1 - Thread starvation or clock leap detected (housekeeper delta=3m20s832ms258µs200ns).
2026-09-01T15:49:30.784+05:30  WARN 6704 --- [google-oauth2-sso-restapi] [HikariPool-1:housekeeper] com.zaxxer.hikari.pool.HikariPool        : HikariPool-1 - Thread starvation or clock leap detected (housekeeper delta=8m38s104ms781µs700ns).
2026-09-01T16:12:19.732+05:30  WARN 6704 --- [google-oauth2-sso-restapi] [HikariPool-1:housekeeper] com.zaxxer.hikari.pool.HikariPool        : HikariPool-1 - Thread starvation or clock leap detected (housekeeper delta=5m48s658ms515µs800ns).
2026-09-01T16:45:47.322+05:30  WARN 6704 --- [google-oauth2-sso-restapi] [HikariPool-1:housekeeper] com.zaxxer.hikari.pool.HikariPool        : HikariPool-1 - Thread starvation or clock leap detected (housekeeper delta=27m27s503ms745µs200ns).
2026-09-01T17:05:32.107+05:30  INFO 6704 --- [google-oauth2-sso-restapi] [File Watcher] rtingClassPathChangeChangedEventListener : Restarting due to 1 class path change (1 addition, 0 deletions, 0 modifications)
2026-09-01T17:05:32.188+05:30  INFO 6704 --- [google-oauth2-sso-restapi] [Thread-1] o.s.boot.tomcat.GracefulShutdown         : Commencing graceful shutdown. Waiting for active requests to complete
2026-09-01T17:05:32.239+05:30  INFO 6704 --- [google-oauth2-sso-restapi] [tomcat-shutdown] o.s.boot.tomcat.GracefulShutdown         : Graceful shutdown complete
2026-09-01T17:05:32.291+05:30  INFO 6704 --- [google-oauth2-sso-restapi] [Thread-1] j.LocalContainerEntityManagerFactoryBean : Closing JPA EntityManagerFactory for persistence unit 'default'
2026-09-01T17:05:32.355+05:30  INFO 6704 --- [google-oauth2-sso-restapi] [Thread-1] com.zaxxer.hikari.HikariDataSource       : HikariPool-1 - Shutdown initiated...
2026-09-01T17:05:32.390+05:30  INFO 6704 --- [google-oauth2-sso-restapi] [Thread-1] com.zaxxer.hikari.HikariDataSource       : HikariPool-1 - Shutdown completed.
2026-09-01T17:05:33.206+05:30  INFO 6704 --- [google-oauth2-sso-restapi] [restartedMain] c.f.GoogleOauth2SsoRestapiApplication    : Starting GoogleOauth2SsoRestapiApplication using Java 21.0.8 with PID 6704 (D:\AssignmentFragma\google-oauth2-sso-restapi\target\classes started by Sunitha in D:\AssignmentFragma\google-oauth2-sso-restapi)
2026-09-01T17:05:33.207+05:30 DEBUG 6704 --- [google-oauth2-sso-restapi] [restartedMain] c.f.GoogleOauth2SsoRestapiApplication    : Running with Spring Boot v4.1.1, Spring v7.0.9
2026-09-01T17:05:33.208+05:30  INFO 6704 --- [google-oauth2-sso-restapi] [restartedMain] c.f.GoogleOauth2SsoRestapiApplication    : No active profile set, falling back to 1 default profile: "default"
2026-09-01T17:05:34.668+05:30  INFO 6704 --- [google-oauth2-sso-restapi] [restartedMain] .s.d.r.c.RepositoryConfigurationDelegate : Bootstrapping Spring Data JPA repositories in DEFAULT mode.
2026-09-01T17:05:34.851+05:30  INFO 6704 --- [google-oauth2-sso-restapi] [restartedMain] .s.d.r.c.RepositoryConfigurationDelegate : Finished Spring Data repository scanning in 176 ms. Found 2 JPA repository interfaces.
2026-09-01T17:05:35.407+05:30  INFO 6704 --- [google-oauth2-sso-restapi] [restartedMain] o.s.boot.tomcat.TomcatWebServer          : Tomcat initialized with port 8080 (http)
2026-09-01T17:05:35.417+05:30  INFO 6704 --- [google-oauth2-sso-restapi] [restartedMain] o.apache.catalina.core.StandardService   : Starting service [Tomcat]
2026-09-01T17:05:35.426+05:30  INFO 6704 --- [google-oauth2-sso-restapi] [restartedMain] o.apache.catalina.core.StandardEngine    : Starting Servlet engine: [Apache Tomcat/11.0.24]
2026-09-01T17:05:35.517+05:30  INFO 6704 --- [google-oauth2-sso-restapi] [restartedMain] b.w.c.s.WebApplicationContextInitializer : Root WebApplicationContext: initialization completed in 2278 ms
2026-09-01T17:05:35.673+05:30  INFO 6704 --- [google-oauth2-sso-restapi] [restartedMain] org.hibernate.orm.jpa                    : HHH008540: Processing PersistenceUnitInfo [name: default]
2026-09-01T17:05:35.789+05:30  INFO 6704 --- [google-oauth2-sso-restapi] [restartedMain] o.s.o.j.p.SpringPersistenceUnitInfo      : No LoadTimeWeaver setup: ignoring JPA class transformer
2026-09-01T17:05:35.798+05:30  INFO 6704 --- [google-oauth2-sso-restapi] [restartedMain] com.zaxxer.hikari.HikariDataSource       : HikariPool-2 - Starting...
2026-09-01T17:05:35.889+05:30  INFO 6704 --- [google-oauth2-sso-restapi] [restartedMain] com.zaxxer.hikari.pool.HikariPool        : HikariPool-2 - Added connection oracle.jdbc.driver.T4CConnection@d1b4a79
2026-09-01T17:05:35.890+05:30  INFO 6704 --- [google-oauth2-sso-restapi] [restartedMain] com.zaxxer.hikari.HikariDataSource       : HikariPool-2 - Start completed.
2026-09-01T17:05:35.907+05:30  WARN 6704 --- [google-oauth2-sso-restapi] [restartedMain] org.hibernate.orm.jdbc                   : HHH100123: Low default JDBC fetch size: 10 (consider setting 'hibernate.jdbc.fetch_size')
2026-09-01T17:05:35.908+05:30  INFO 6704 --- [google-oauth2-sso-restapi] [restartedMain] org.hibernate.orm.connections.pooling    : HHH10001005: Database info:
	Database JDBC URL [jdbc:oracle:thin:@localhost:1521:orcl]
	Database driver: Oracle JDBC driver
	Database dialect: OracleDialect
	Database version: 21.3
	Default catalog/schema: undefined/SUNITHA
	Autocommit mode: undefined/unknown
	Isolation level: READ_COMMITTED [default READ_COMMITTED]
	JDBC fetch size: 10
	Pool: DataSourceConnectionProvider
	Minimum pool size: undefined/unknown
	Maximum pool size: undefined/unknown
2026-09-01T17:05:36.089+05:30  INFO 6704 --- [google-oauth2-sso-restapi] [restartedMain] org.hibernate.orm.core                   : HHH000489: No JTA platform available (set 'hibernate.transaction.jta.platform' to enable JTA platform integration)
2026-09-01T17:05:36.827+05:30  INFO 6704 --- [google-oauth2-sso-restapi] [restartedMain] j.LocalContainerEntityManagerFactoryBean : Initialized JPA EntityManagerFactory for persistence unit 'default'
2026-09-01T17:05:37.165+05:30  WARN 6704 --- [google-oauth2-sso-restapi] [restartedMain] JpaBaseConfiguration$JpaWebConfiguration : spring.jpa.open-in-view is enabled by default. Therefore, database queries may be performed during view rendering. Explicitly configure spring.jpa.open-in-view to disable this warning
2026-09-01T17:05:37.685+05:30  INFO 6704 --- [google-oauth2-sso-restapi] [restartedMain] o.s.boot.tomcat.TomcatWebServer          : Tomcat started on port 8080 (http) with context path '/'
2026-09-01T17:05:37.702+05:30  INFO 6704 --- [google-oauth2-sso-restapi] [restartedMain] c.f.GoogleOauth2SsoRestapiApplication    : Started GoogleOauth2SsoRestapiApplication in 4.745 seconds (process running for 9403.209)
2026-09-01T17:05:37.711+05:30  INFO 6704 --- [google-oauth2-sso-restapi] [restartedMain] .ConditionEvaluationDeltaLoggingListener : Condition evaluation unchanged
2026-09-01T17:05:47.198+05:30  INFO 6704 --- [google-oauth2-sso-restapi] [File Watcher] rtingClassPathChangeChangedEventListener : Restarting due to 1 class path change (0 additions, 0 deletions, 1 modification)
2026-09-01T17:05:47.203+05:30  INFO 6704 --- [google-oauth2-sso-restapi] [Thread-6] o.s.boot.tomcat.GracefulShutdown         : Commencing graceful shutdown. Waiting for active requests to complete
2026-09-01T17:05:47.407+05:30  INFO 6704 --- [google-oauth2-sso-restapi] [tomcat-shutdown] o.s.boot.tomcat.GracefulShutdown         : Graceful shutdown complete
2026-09-01T17:05:47.417+05:30  INFO 6704 --- [google-oauth2-sso-restapi] [Thread-6] j.LocalContainerEntityManagerFactoryBean : Closing JPA EntityManagerFactory for persistence unit 'default'
2026-09-01T17:05:47.419+05:30  INFO 6704 --- [google-oauth2-sso-restapi] [Thread-6] com.zaxxer.hikari.HikariDataSource       : HikariPool-2 - Shutdown initiated...
2026-09-01T17:05:47.441+05:30  INFO 6704 --- [google-oauth2-sso-restapi] [Thread-6] com.zaxxer.hikari.HikariDataSource       : HikariPool-2 - Shutdown completed.
2026-09-01T17:05:47.706+05:30  INFO 6704 --- [google-oauth2-sso-restapi] [restartedMain] c.f.GoogleOauth2SsoRestapiApplication    : Starting GoogleOauth2SsoRestapiApplication using Java 21.0.8 with PID 6704 (D:\AssignmentFragma\google-oauth2-sso-restapi\target\classes started by Sunitha in D:\AssignmentFragma\google-oauth2-sso-restapi)
2026-09-01T17:05:47.708+05:30 DEBUG 6704 --- [google-oauth2-sso-restapi] [restartedMain] c.f.GoogleOauth2SsoRestapiApplication    : Running with Spring Boot v4.1.1, Spring v7.0.9
2026-09-01T17:05:47.708+05:30  INFO 6704 --- [google-oauth2-sso-restapi] [restartedMain] c.f.GoogleOauth2SsoRestapiApplication    : No active profile set, falling back to 1 default profile: "default"
2026-09-01T17:05:48.680+05:30  INFO 6704 --- [google-oauth2-sso-restapi] [restartedMain] .s.d.r.c.RepositoryConfigurationDelegate : Bootstrapping Spring Data JPA repositories in DEFAULT mode.
2026-09-01T17:05:48.781+05:30  INFO 6704 --- [google-oauth2-sso-restapi] [restartedMain] .s.d.r.c.RepositoryConfigurationDelegate : Finished Spring Data repository scanning in 91 ms. Found 2 JPA repository interfaces.
2026-09-01T17:05:49.934+05:30  INFO 6704 --- [google-oauth2-sso-restapi] [restartedMain] o.s.boot.tomcat.TomcatWebServer          : Tomcat initialized with port 8080 (http)
2026-09-01T17:05:49.937+05:30  INFO 6704 --- [google-oauth2-sso-restapi] [restartedMain] o.apache.catalina.core.StandardService   : Starting service [Tomcat]
2026-09-01T17:05:49.938+05:30  INFO 6704 --- [google-oauth2-sso-restapi] [restartedMain] o.apache.catalina.core.StandardEngine    : Starting Servlet engine: [Apache Tomcat/11.0.24]
2026-09-01T17:05:50.053+05:30  INFO 6704 --- [google-oauth2-sso-restapi] [restartedMain] b.w.c.s.WebApplicationContextInitializer : Root WebApplicationContext: initialization completed in 2339 ms
2026-09-01T17:05:50.223+05:30  INFO 6704 --- [google-oauth2-sso-restapi] [restartedMain] org.hibernate.orm.jpa                    : HHH008540: Processing PersistenceUnitInfo [name: default]
2026-09-01T17:05:50.315+05:30  INFO 6704 --- [google-oauth2-sso-restapi] [restartedMain] o.s.o.j.p.SpringPersistenceUnitInfo      : No LoadTimeWeaver setup: ignoring JPA class transformer
2026-09-01T17:05:50.318+05:30  INFO 6704 --- [google-oauth2-sso-restapi] [restartedMain] com.zaxxer.hikari.HikariDataSource       : HikariPool-3 - Starting...
2026-09-01T17:05:50.430+05:30  INFO 6704 --- [google-oauth2-sso-restapi] [restartedMain] com.zaxxer.hikari.pool.HikariPool        : HikariPool-3 - Added connection oracle.jdbc.driver.T4CConnection@5df373a4
2026-09-01T17:05:50.431+05:30  INFO 6704 --- [google-oauth2-sso-restapi] [restartedMain] com.zaxxer.hikari.HikariDataSource       : HikariPool-3 - Start completed.
2026-09-01T17:05:50.449+05:30  WARN 6704 --- [google-oauth2-sso-restapi] [restartedMain] org.hibernate.orm.jdbc                   : HHH100123: Low default JDBC fetch size: 10 (consider setting 'hibernate.jdbc.fetch_size')
2026-09-01T17:05:50.451+05:30  INFO 6704 --- [google-oauth2-sso-restapi] [restartedMain] org.hibernate.orm.connections.pooling    : HHH10001005: Database info:
	Database JDBC URL [jdbc:oracle:thin:@localhost:1521:orcl]
	Database driver: Oracle JDBC driver
	Database dialect: OracleDialect
	Database version: 21.3
	Default catalog/schema: undefined/SUNITHA
	Autocommit mode: undefined/unknown
	Isolation level: READ_COMMITTED [default READ_COMMITTED]
	JDBC fetch size: 10
	Pool: DataSourceConnectionProvider
	Minimum pool size: undefined/unknown
	Maximum pool size: undefined/unknown
2026-09-01T17:05:50.720+05:30  INFO 6704 --- [google-oauth2-sso-restapi] [restartedMain] org.hibernate.orm.core                   : HHH000489: No JTA platform available (set 'hibernate.transaction.jta.platform' to enable JTA platform integration)
2026-09-01T17:05:51.337+05:30  INFO 6704 --- [google-oauth2-sso-restapi] [restartedMain] j.LocalContainerEntityManagerFactoryBean : Initialized JPA EntityManagerFactory for persistence unit 'default'
2026-09-01T17:05:51.750+05:30  WARN 6704 --- [google-oauth2-sso-restapi] [restartedMain] JpaBaseConfiguration$JpaWebConfiguration : spring.jpa.open-in-view is enabled by default. Therefore, database queries may be performed during view rendering. Explicitly configure spring.jpa.open-in-view to disable this warning
2026-09-01T17:05:52.477+05:30  INFO 6704 --- [google-oauth2-sso-restapi] [restartedMain] o.s.boot.tomcat.TomcatWebServer          : Tomcat started on port 8080 (http) with context path '/'
2026-09-01T17:05:52.494+05:30  INFO 6704 --- [google-oauth2-sso-restapi] [restartedMain] c.f.GoogleOauth2SsoRestapiApplication    : Started GoogleOauth2SsoRestapiApplication in 4.88 seconds (process running for 9418.0)
2026-09-01T17:05:52.501+05:30  INFO 6704 --- [google-oauth2-sso-restapi] [restartedMain] .ConditionEvaluationDeltaLoggingListener : Condition evaluation unchanged
2026-09-01T17:06:14.339+05:30  INFO 6704 --- [google-oauth2-sso-restapi] [File Watcher] rtingClassPathChangeChangedEventListener : Restarting due to 1 class path change (0 additions, 0 deletions, 1 modification)
2026-09-01T17:06:14.353+05:30  INFO 6704 --- [google-oauth2-sso-restapi] [Thread-10] o.s.boot.tomcat.GracefulShutdown         : Commencing graceful shutdown. Waiting for active requests to complete
2026-09-01T17:06:14.456+05:30  INFO 6704 --- [google-oauth2-sso-restapi] [tomcat-shutdown] o.s.boot.tomcat.GracefulShutdown         : Graceful shutdown complete
2026-09-01T17:06:14.462+05:30  INFO 6704 --- [google-oauth2-sso-restapi] [Thread-10] j.LocalContainerEntityManagerFactoryBean : Closing JPA EntityManagerFactory for persistence unit 'default'
2026-09-01T17:06:14.464+05:30  INFO 6704 --- [google-oauth2-sso-restapi] [Thread-10] com.zaxxer.hikari.HikariDataSource       : HikariPool-3 - Shutdown initiated...
2026-09-01T17:06:14.478+05:30  INFO 6704 --- [google-oauth2-sso-restapi] [Thread-10] com.zaxxer.hikari.HikariDataSource       : HikariPool-3 - Shutdown completed.
2026-09-01T17:06:14.748+05:30  INFO 6704 --- [google-oauth2-sso-restapi] [restartedMain] c.f.GoogleOauth2SsoRestapiApplication    : Starting GoogleOauth2SsoRestapiApplication using Java 21.0.8 with PID 6704 (D:\AssignmentFragma\google-oauth2-sso-restapi\target\classes started by Sunitha in D:\AssignmentFragma\google-oauth2-sso-restapi)
2026-09-01T17:06:14.751+05:30 DEBUG 6704 --- [google-oauth2-sso-restapi] [restartedMain] c.f.GoogleOauth2SsoRestapiApplication    : Running with Spring Boot v4.1.1, Spring v7.0.9
2026-09-01T17:06:14.754+05:30  INFO 6704 --- [google-oauth2-sso-restapi] [restartedMain] c.f.GoogleOauth2SsoRestapiApplication    : No active profile set, falling back to 1 default profile: "default"
2026-09-01T17:06:15.218+05:30  INFO 6704 --- [google-oauth2-sso-restapi] [restartedMain] .s.d.r.c.RepositoryConfigurationDelegate : Bootstrapping Spring Data JPA repositories in DEFAULT mode.
2026-09-01T17:06:15.248+05:30  INFO 6704 --- [google-oauth2-sso-restapi] [restartedMain] .s.d.r.c.RepositoryConfigurationDelegate : Finished Spring Data repository scanning in 25 ms. Found 2 JPA repository interfaces.
2026-09-01T17:06:15.454+05:30  INFO 6704 --- [google-oauth2-sso-restapi] [restartedMain] o.s.boot.tomcat.TomcatWebServer          : Tomcat initialized with port 8080 (http)
2026-09-01T17:06:15.456+05:30  INFO 6704 --- [google-oauth2-sso-restapi] [restartedMain] o.apache.catalina.core.StandardService   : Starting service [Tomcat]
2026-09-01T17:06:15.457+05:30  INFO 6704 --- [google-oauth2-sso-restapi] [restartedMain] o.apache.catalina.core.StandardEngine    : Starting Servlet engine: [Apache Tomcat/11.0.24]
2026-09-01T17:06:15.488+05:30  INFO 6704 --- [google-oauth2-sso-restapi] [restartedMain] b.w.c.s.WebApplicationContextInitializer : Root WebApplicationContext: initialization completed in 672 ms
2026-09-01T17:06:15.538+05:30  INFO 6704 --- [google-oauth2-sso-restapi] [restartedMain] org.hibernate.orm.jpa                    : HHH008540: Processing PersistenceUnitInfo [name: default]
2026-09-01T17:06:15.569+05:30  INFO 6704 --- [google-oauth2-sso-restapi] [restartedMain] o.s.o.j.p.SpringPersistenceUnitInfo      : No LoadTimeWeaver setup: ignoring JPA class transformer
2026-09-01T17:06:15.571+05:30  INFO 6704 --- [google-oauth2-sso-restapi] [restartedMain] com.zaxxer.hikari.HikariDataSource       : HikariPool-4 - Starting...
2026-09-01T17:06:15.661+05:30  INFO 6704 --- [google-oauth2-sso-restapi] [restartedMain] com.zaxxer.hikari.pool.HikariPool        : HikariPool-4 - Added connection oracle.jdbc.driver.T4CConnection@1ea7bdb1
2026-09-01T17:06:15.663+05:30  INFO 6704 --- [google-oauth2-sso-restapi] [restartedMain] com.zaxxer.hikari.HikariDataSource       : HikariPool-4 - Start completed.
2026-09-01T17:06:15.673+05:30  WARN 6704 --- [google-oauth2-sso-restapi] [restartedMain] org.hibernate.orm.jdbc                   : HHH100123: Low default JDBC fetch size: 10 (consider setting 'hibernate.jdbc.fetch_size')
2026-09-01T17:06:15.674+05:30  INFO 6704 --- [google-oauth2-sso-restapi] [restartedMain] org.hibernate.orm.connections.pooling    : HHH10001005: Database info:
	Database JDBC URL [jdbc:oracle:thin:@localhost:1521:orcl]
	Database driver: Oracle JDBC driver
	Database dialect: OracleDialect
	Database version: 21.3
	Default catalog/schema: undefined/SUNITHA
	Autocommit mode: undefined/unknown
	Isolation level: READ_COMMITTED [default READ_COMMITTED]
	JDBC fetch size: 10
	Pool: DataSourceConnectionProvider
	Minimum pool size: undefined/unknown
	Maximum pool size: undefined/unknown
2026-09-01T17:06:15.803+05:30  INFO 6704 --- [google-oauth2-sso-restapi] [restartedMain] org.hibernate.orm.core                   : HHH000489: No JTA platform available (set 'hibernate.transaction.jta.platform' to enable JTA platform integration)
2026-09-01T17:06:16.316+05:30  WARN 6704 --- [google-oauth2-sso-restapi] [restartedMain] o.h.t.s.i.ExceptionHandlerLoggedImpl     : GenerationTarget encountered exception accepting command : Error executing DDL "alter table oauth_providers add created_at timestamp(9) not null" via JDBC [ORA-01758: table must be empty to add mandatory (NOT NULL) column

https://docs.oracle.com/error-help/db/ora-01758/]

org.hibernate.tool.schema.spi.CommandAcceptanceException: Error executing DDL "alter table oauth_providers add created_at timestamp(9) not null" via JDBC [ORA-01758: table must be empty to add mandatory (NOT NULL) column

https://docs.oracle.com/error-help/db/ora-01758/]
	at org.hibernate.tool.schema.internal.exec.GenerationTargetToDatabase.accept(GenerationTargetToDatabase.java:91) ~[hibernate-core-7.4.5.Final.jar:7.4.5.Final]
	at org.hibernate.tool.schema.internal.AbstractSchemaMigrator.applySqlString(AbstractSchemaMigrator.java:566) ~[hibernate-core-7.4.5.Final.jar:7.4.5.Final]
	at org.hibernate.tool.schema.internal.AbstractSchemaMigrator.applySqlStrings(AbstractSchemaMigrator.java:506) ~[hibernate-core-7.4.5.Final.jar:7.4.5.Final]
	at org.hibernate.tool.schema.internal.AbstractSchemaMigrator.migrateTable(AbstractSchemaMigrator.java:324) ~[hibernate-core-7.4.5.Final.jar:7.4.5.Final]
	at org.hibernate.tool.schema.internal.GroupedSchemaMigratorImpl.performTablesMigration(GroupedSchemaMigratorImpl.java:84) ~[hibernate-core-7.4.5.Final.jar:7.4.5.Final]
	at org.hibernate.tool.schema.internal.AbstractSchemaMigrator.performMigration(AbstractSchemaMigrator.java:220) ~[hibernate-core-7.4.5.Final.jar:7.4.5.Final]
	at org.hibernate.tool.schema.internal.AbstractSchemaMigrator.doMigration(AbstractSchemaMigrator.java:96) ~[hibernate-core-7.4.5.Final.jar:7.4.5.Final]
	at org.hibernate.tool.schema.spi.SchemaManagementToolCoordinator.performDatabaseAction(SchemaManagementToolCoordinator.java:269) ~[hibernate-core-7.4.5.Final.jar:7.4.5.Final]
	at org.hibernate.tool.schema.spi.SchemaManagementToolCoordinator.lambda$process$1(SchemaManagementToolCoordinator.java:101) ~[hibernate-core-7.4.5.Final.jar:7.4.5.Final]
	at java.base/java.util.HashMap.forEach(HashMap.java:1429) ~[na:na]
	at org.hibernate.tool.schema.spi.SchemaManagementToolCoordinator.process(SchemaManagementToolCoordinator.java:100) ~[hibernate-core-7.4.5.Final.jar:7.4.5.Final]
	at org.hibernate.boot.internal.SessionFactoryObserverForSchemaExport.sessionFactoryCreated(SessionFactoryObserverForSchemaExport.java:35) ~[hibernate-core-7.4.5.Final.jar:7.4.5.Final]
	at org.hibernate.internal.SessionFactoryObserverChain.sessionFactoryCreated(SessionFactoryObserverChain.java:33) ~[hibernate-core-7.4.5.Final.jar:7.4.5.Final]
	at org.hibernate.internal.SessionFactoryImpl.<init>(SessionFactoryImpl.java:327) ~[hibernate-core-7.4.5.Final.jar:7.4.5.Final]
	at org.hibernate.internal.SessionFactoryRegistry.instantiateSessionFactory(SessionFactoryRegistry.java:64) ~[hibernate-core-7.4.5.Final.jar:7.4.5.Final]
	at org.hibernate.boot.internal.SessionFactoryBuilderImpl.build(SessionFactoryBuilderImpl.java:458) ~[hibernate-core-7.4.5.Final.jar:7.4.5.Final]
	at org.hibernate.jpa.boot.internal.EntityManagerFactoryBuilderImpl.build(EntityManagerFactoryBuilderImpl.java:1452) ~[hibernate-core-7.4.5.Final.jar:7.4.5.Final]
	at org.springframework.orm.jpa.vendor.SpringHibernateJpaPersistenceProvider.createContainerEntityManagerFactory(SpringHibernateJpaPersistenceProvider.java:93) ~[spring-orm-7.0.9.jar:7.0.9]
	at org.springframework.orm.jpa.LocalContainerEntityManagerFactoryBean.createNativeEntityManagerFactory(LocalContainerEntityManagerFactoryBean.java:443) ~[spring-orm-7.0.9.jar:7.0.9]
	at org.springframework.orm.jpa.AbstractEntityManagerFactoryBean.buildNativeEntityManagerFactory(AbstractEntityManagerFactoryBean.java:436) ~[spring-orm-7.0.9.jar:7.0.9]
	at org.springframework.orm.jpa.AbstractEntityManagerFactoryBean.afterPropertiesSet(AbstractEntityManagerFactoryBean.java:411) ~[spring-orm-7.0.9.jar:7.0.9]
	at org.springframework.orm.jpa.LocalContainerEntityManagerFactoryBean.afterPropertiesSet(LocalContainerEntityManagerFactoryBean.java:419) ~[spring-orm-7.0.9.jar:7.0.9]
	at org.springframework.beans.factory.support.AbstractAutowireCapableBeanFactory.invokeInitMethods(AbstractAutowireCapableBeanFactory.java:1862) ~[spring-beans-7.0.9.jar:7.0.9]
	at org.springframework.beans.factory.support.AbstractAutowireCapableBeanFactory.initializeBean(AbstractAutowireCapableBeanFactory.java:1811) ~[spring-beans-7.0.9.jar:7.0.9]
	at org.springframework.beans.factory.support.AbstractAutowireCapableBeanFactory.doCreateBean(AbstractAutowireCapableBeanFactory.java:603) ~[spring-beans-7.0.9.jar:7.0.9]
	at org.springframework.beans.factory.support.AbstractAutowireCapableBeanFactory.createBean(AbstractAutowireCapableBeanFactory.java:525) ~[spring-beans-7.0.9.jar:7.0.9]
	at org.springframework.beans.factory.support.AbstractBeanFactory.lambda$doGetBean$0(AbstractBeanFactory.java:333) ~[spring-beans-7.0.9.jar:7.0.9]
	at org.springframework.beans.factory.support.DefaultSingletonBeanRegistry.getSingleton(DefaultSingletonBeanRegistry.java:371) ~[spring-beans-7.0.9.jar:7.0.9]
	at org.springframework.beans.factory.support.AbstractBeanFactory.doGetBean(AbstractBeanFactory.java:331) ~[spring-beans-7.0.9.jar:7.0.9]
	at org.springframework.beans.factory.support.AbstractBeanFactory.getBean(AbstractBeanFactory.java:201) ~[spring-beans-7.0.9.jar:7.0.9]
	at org.springframework.context.support.AbstractApplicationContext.finishBeanFactoryInitialization(AbstractApplicationContext.java:977) ~[spring-context-7.0.9.jar:7.0.9]
	at org.springframework.context.support.AbstractApplicationContext.refresh(AbstractApplicationContext.java:621) ~[spring-context-7.0.9.jar:7.0.9]
	at org.springframework.boot.web.server.servlet.context.ServletWebServerApplicationContext.refresh(ServletWebServerApplicationContext.java:143) ~[spring-boot-web-server-4.1.1.jar:4.1.1]
	at org.springframework.boot.SpringApplication.refresh(SpringApplication.java:756) ~[spring-boot-4.1.1.jar:4.1.1]
	at org.springframework.boot.SpringApplication.refreshContext(SpringApplication.java:445) ~[spring-boot-4.1.1.jar:4.1.1]
	at org.springframework.boot.SpringApplication.run(SpringApplication.java:321) ~[spring-boot-4.1.1.jar:4.1.1]
	at org.springframework.boot.SpringApplication.run(SpringApplication.java:1365) ~[spring-boot-4.1.1.jar:4.1.1]
	at org.springframework.boot.SpringApplication.run(SpringApplication.java:1354) ~[spring-boot-4.1.1.jar:4.1.1]
	at com.fragma.GoogleOauth2SsoRestapiApplication.main(GoogleOauth2SsoRestapiApplication.java:12) ~[classes/:na]
	at java.base/jdk.internal.reflect.DirectMethodHandleAccessor.invoke(DirectMethodHandleAccessor.java:103) ~[na:na]
	at java.base/java.lang.reflect.Method.invoke(Method.java:580) ~[na:na]
	at org.springframework.boot.devtools.restart.RestartLauncher.run(RestartLauncher.java:52) ~[spring-boot-devtools-4.1.1.jar:4.1.1]
Caused by: java.sql.SQLSyntaxErrorException: ORA-01758: table must be empty to add mandatory (NOT NULL) column

https://docs.oracle.com/error-help/db/ora-01758/
	at oracle.jdbc.driver.T4CTTIoer11.processError(T4CTTIoer11.java:719) ~[ojdbc17-23.26.3.0.0.jar:23.26.3.0.0]
	at oracle.jdbc.driver.T4CTTIoer11.processError(T4CTTIoer11.java:619) ~[ojdbc17-23.26.3.0.0.jar:23.26.3.0.0]
	at oracle.jdbc.driver.T4C8Oall.processError(T4C8Oall.java:1382) ~[ojdbc17-23.26.3.0.0.jar:23.26.3.0.0]
	at oracle.jdbc.driver.T4CTTIfun.receive(T4CTTIfun.java:972) ~[ojdbc17-23.26.3.0.0.jar:23.26.3.0.0]
	at oracle.jdbc.driver.T4CTTIfun.receive(T4CTTIfun.java:788) ~[ojdbc17-23.26.3.0.0.jar:23.26.3.0.0]
	at oracle.jdbc.driver.T4CTTIfun.doRPC(T4CTTIfun.java:241) ~[ojdbc17-23.26.3.0.0.jar:23.26.3.0.0]
	at oracle.jdbc.driver.T4C8Oall.doOALL(T4C8Oall.java:531) ~[ojdbc17-23.26.3.0.0.jar:23.26.3.0.0]
	at oracle.jdbc.driver.T4CStatement.doOall8(T4CStatement.java:198) ~[ojdbc17-23.26.3.0.0.jar:23.26.3.0.0]
	at oracle.jdbc.driver.T4CStatement.executeForRows(T4CStatement.java:1411) ~[ojdbc17-23.26.3.0.0.jar:23.26.3.0.0]
	at oracle.jdbc.driver.OracleStatement.executeSQLStatement(OracleStatement.java:2022) ~[ojdbc17-23.26.3.0.0.jar:23.26.3.0.0]
	at oracle.jdbc.driver.OracleStatement.doExecuteWithTimeout(OracleStatement.java:1635) ~[ojdbc17-23.26.3.0.0.jar:23.26.3.0.0]
	at oracle.jdbc.driver.OracleStatement.executeInternal(OracleStatement.java:2700) ~[ojdbc17-23.26.3.0.0.jar:23.26.3.0.0]
	at oracle.jdbc.driver.OracleStatement.execute(OracleStatement.java:2649) ~[ojdbc17-23.26.3.0.0.jar:23.26.3.0.0]
	at oracle.jdbc.driver.OracleStatementWrapper.execute(OracleStatementWrapper.java:350) ~[ojdbc17-23.26.3.0.0.jar:23.26.3.0.0]
	at com.zaxxer.hikari.pool.ProxyStatement.execute(ProxyStatement.java:95) ~[HikariCP-7.0.2.jar:na]
	at com.zaxxer.hikari.pool.HikariProxyStatement.execute(HikariProxyStatement.java) ~[HikariCP-7.0.2.jar:na]
	at org.hibernate.tool.schema.internal.exec.GenerationTargetToDatabase.accept(GenerationTargetToDatabase.java:86) ~[hibernate-core-7.4.5.Final.jar:7.4.5.Final]
	... 41 common frames omitted
Caused by: Error : 1758, Position : 12, SQL = alter table oauth_providers add created_at timestamp(9) not null, Original SQL = alter table oauth_providers add created_at timestamp(9) not null, Error Message = ORA-01758: table must be empty to add mandatory (NOT NULL) column

	at oracle.jdbc.driver.T4CTTIoer11.processError(T4CTTIoer11.java:727) ~[ojdbc17-23.26.3.0.0.jar:23.26.3.0.0]
	... 57 common frames omitted

2026-09-01T17:06:16.576+05:30  WARN 6704 --- [google-oauth2-sso-restapi] [restartedMain] o.h.t.s.i.ExceptionHandlerLoggedImpl     : GenerationTarget encountered exception accepting command : Error executing DDL "alter table oauth_providers add updated_at timestamp(9) not null" via JDBC [ORA-01758: table must be empty to add mandatory (NOT NULL) column

https://docs.oracle.com/error-help/db/ora-01758/]

org.hibernate.tool.schema.spi.CommandAcceptanceException: Error executing DDL "alter table oauth_providers add updated_at timestamp(9) not null" via JDBC [ORA-01758: table must be empty to add mandatory (NOT NULL) column

https://docs.oracle.com/error-help/db/ora-01758/]
	at org.hibernate.tool.schema.internal.exec.GenerationTargetToDatabase.accept(GenerationTargetToDatabase.java:91) ~[hibernate-core-7.4.5.Final.jar:7.4.5.Final]
	at org.hibernate.tool.schema.internal.AbstractSchemaMigrator.applySqlString(AbstractSchemaMigrator.java:566) ~[hibernate-core-7.4.5.Final.jar:7.4.5.Final]
	at org.hibernate.tool.schema.internal.AbstractSchemaMigrator.applySqlStrings(AbstractSchemaMigrator.java:506) ~[hibernate-core-7.4.5.Final.jar:7.4.5.Final]
	at org.hibernate.tool.schema.internal.AbstractSchemaMigrator.migrateTable(AbstractSchemaMigrator.java:324) ~[hibernate-core-7.4.5.Final.jar:7.4.5.Final]
	at org.hibernate.tool.schema.internal.GroupedSchemaMigratorImpl.performTablesMigration(GroupedSchemaMigratorImpl.java:84) ~[hibernate-core-7.4.5.Final.jar:7.4.5.Final]
	at org.hibernate.tool.schema.internal.AbstractSchemaMigrator.performMigration(AbstractSchemaMigrator.java:220) ~[hibernate-core-7.4.5.Final.jar:7.4.5.Final]
	at org.hibernate.tool.schema.internal.AbstractSchemaMigrator.doMigration(AbstractSchemaMigrator.java:96) ~[hibernate-core-7.4.5.Final.jar:7.4.5.Final]
	at org.hibernate.tool.schema.spi.SchemaManagementToolCoordinator.performDatabaseAction(SchemaManagementToolCoordinator.java:269) ~[hibernate-core-7.4.5.Final.jar:7.4.5.Final]
	at org.hibernate.tool.schema.spi.SchemaManagementToolCoordinator.lambda$process$1(SchemaManagementToolCoordinator.java:101) ~[hibernate-core-7.4.5.Final.jar:7.4.5.Final]
	at java.base/java.util.HashMap.forEach(HashMap.java:1429) ~[na:na]
	at org.hibernate.tool.schema.spi.SchemaManagementToolCoordinator.process(SchemaManagementToolCoordinator.java:100) ~[hibernate-core-7.4.5.Final.jar:7.4.5.Final]
	at org.hibernate.boot.internal.SessionFactoryObserverForSchemaExport.sessionFactoryCreated(SessionFactoryObserverForSchemaExport.java:35) ~[hibernate-core-7.4.5.Final.jar:7.4.5.Final]
	at org.hibernate.internal.SessionFactoryObserverChain.sessionFactoryCreated(SessionFactoryObserverChain.java:33) ~[hibernate-core-7.4.5.Final.jar:7.4.5.Final]
	at org.hibernate.internal.SessionFactoryImpl.<init>(SessionFactoryImpl.java:327) ~[hibernate-core-7.4.5.Final.jar:7.4.5.Final]
	at org.hibernate.internal.SessionFactoryRegistry.instantiateSessionFactory(SessionFactoryRegistry.java:64) ~[hibernate-core-7.4.5.Final.jar:7.4.5.Final]
	at org.hibernate.boot.internal.SessionFactoryBuilderImpl.build(SessionFactoryBuilderImpl.java:458) ~[hibernate-core-7.4.5.Final.jar:7.4.5.Final]
	at org.hibernate.jpa.boot.internal.EntityManagerFactoryBuilderImpl.build(EntityManagerFactoryBuilderImpl.java:1452) ~[hibernate-core-7.4.5.Final.jar:7.4.5.Final]
	at org.springframework.orm.jpa.vendor.SpringHibernateJpaPersistenceProvider.createContainerEntityManagerFactory(SpringHibernateJpaPersistenceProvider.java:93) ~[spring-orm-7.0.9.jar:7.0.9]
	at org.springframework.orm.jpa.LocalContainerEntityManagerFactoryBean.createNativeEntityManagerFactory(LocalContainerEntityManagerFactoryBean.java:443) ~[spring-orm-7.0.9.jar:7.0.9]
	at org.springframework.orm.jpa.AbstractEntityManagerFactoryBean.buildNativeEntityManagerFactory(AbstractEntityManagerFactoryBean.java:436) ~[spring-orm-7.0.9.jar:7.0.9]
	at org.springframework.orm.jpa.AbstractEntityManagerFactoryBean.afterPropertiesSet(AbstractEntityManagerFactoryBean.java:411) ~[spring-orm-7.0.9.jar:7.0.9]
	at org.springframework.orm.jpa.LocalContainerEntityManagerFactoryBean.afterPropertiesSet(LocalContainerEntityManagerFactoryBean.java:419) ~[spring-orm-7.0.9.jar:7.0.9]
	at org.springframework.beans.factory.support.AbstractAutowireCapableBeanFactory.invokeInitMethods(AbstractAutowireCapableBeanFactory.java:1862) ~[spring-beans-7.0.9.jar:7.0.9]
	at org.springframework.beans.factory.support.AbstractAutowireCapableBeanFactory.initializeBean(AbstractAutowireCapableBeanFactory.java:1811) ~[spring-beans-7.0.9.jar:7.0.9]
	at org.springframework.beans.factory.support.AbstractAutowireCapableBeanFactory.doCreateBean(AbstractAutowireCapableBeanFactory.java:603) ~[spring-beans-7.0.9.jar:7.0.9]
	at org.springframework.beans.factory.support.AbstractAutowireCapableBeanFactory.createBean(AbstractAutowireCapableBeanFactory.java:525) ~[spring-beans-7.0.9.jar:7.0.9]
	at org.springframework.beans.factory.support.AbstractBeanFactory.lambda$doGetBean$0(AbstractBeanFactory.java:333) ~[spring-beans-7.0.9.jar:7.0.9]
	at org.springframework.beans.factory.support.DefaultSingletonBeanRegistry.getSingleton(DefaultSingletonBeanRegistry.java:371) ~[spring-beans-7.0.9.jar:7.0.9]
	at org.springframework.beans.factory.support.AbstractBeanFactory.doGetBean(AbstractBeanFactory.java:331) ~[spring-beans-7.0.9.jar:7.0.9]
	at org.springframework.beans.factory.support.AbstractBeanFactory.getBean(AbstractBeanFactory.java:201) ~[spring-beans-7.0.9.jar:7.0.9]
	at org.springframework.context.support.AbstractApplicationContext.finishBeanFactoryInitialization(AbstractApplicationContext.java:977) ~[spring-context-7.0.9.jar:7.0.9]
	at org.springframework.context.support.AbstractApplicationContext.refresh(AbstractApplicationContext.java:621) ~[spring-context-7.0.9.jar:7.0.9]
	at org.springframework.boot.web.server.servlet.context.ServletWebServerApplicationContext.refresh(ServletWebServerApplicationContext.java:143) ~[spring-boot-web-server-4.1.1.jar:4.1.1]
	at org.springframework.boot.SpringApplication.refresh(SpringApplication.java:756) ~[spring-boot-4.1.1.jar:4.1.1]
	at org.springframework.boot.SpringApplication.refreshContext(SpringApplication.java:445) ~[spring-boot-4.1.1.jar:4.1.1]
	at org.springframework.boot.SpringApplication.run(SpringApplication.java:321) ~[spring-boot-4.1.1.jar:4.1.1]
	at org.springframework.boot.SpringApplication.run(SpringApplication.java:1365) ~[spring-boot-4.1.1.jar:4.1.1]
	at org.springframework.boot.SpringApplication.run(SpringApplication.java:1354) ~[spring-boot-4.1.1.jar:4.1.1]
	at com.fragma.GoogleOauth2SsoRestapiApplication.main(GoogleOauth2SsoRestapiApplication.java:12) ~[classes/:na]
	at java.base/jdk.internal.reflect.DirectMethodHandleAccessor.invoke(DirectMethodHandleAccessor.java:103) ~[na:na]
	at java.base/java.lang.reflect.Method.invoke(Method.java:580) ~[na:na]
	at org.springframework.boot.devtools.restart.RestartLauncher.run(RestartLauncher.java:52) ~[spring-boot-devtools-4.1.1.jar:4.1.1]
Caused by: java.sql.SQLSyntaxErrorException: ORA-01758: table must be empty to add mandatory (NOT NULL) column

https://docs.oracle.com/error-help/db/ora-01758/
	at oracle.jdbc.driver.T4CTTIoer11.processError(T4CTTIoer11.java:719) ~[ojdbc17-23.26.3.0.0.jar:23.26.3.0.0]
	at oracle.jdbc.driver.T4CTTIoer11.processError(T4CTTIoer11.java:619) ~[ojdbc17-23.26.3.0.0.jar:23.26.3.0.0]
	at oracle.jdbc.driver.T4C8Oall.processError(T4C8Oall.java:1382) ~[ojdbc17-23.26.3.0.0.jar:23.26.3.0.0]
	at oracle.jdbc.driver.T4CTTIfun.receive(T4CTTIfun.java:972) ~[ojdbc17-23.26.3.0.0.jar:23.26.3.0.0]
	at oracle.jdbc.driver.T4CTTIfun.receive(T4CTTIfun.java:788) ~[ojdbc17-23.26.3.0.0.jar:23.26.3.0.0]
	at oracle.jdbc.driver.T4CTTIfun.doRPC(T4CTTIfun.java:241) ~[ojdbc17-23.26.3.0.0.jar:23.26.3.0.0]
	at oracle.jdbc.driver.T4C8Oall.doOALL(T4C8Oall.java:531) ~[ojdbc17-23.26.3.0.0.jar:23.26.3.0.0]
	at oracle.jdbc.driver.T4CStatement.doOall8(T4CStatement.java:198) ~[ojdbc17-23.26.3.0.0.jar:23.26.3.0.0]
	at oracle.jdbc.driver.T4CStatement.executeForRows(T4CStatement.java:1411) ~[ojdbc17-23.26.3.0.0.jar:23.26.3.0.0]
	at oracle.jdbc.driver.OracleStatement.executeSQLStatement(OracleStatement.java:2022) ~[ojdbc17-23.26.3.0.0.jar:23.26.3.0.0]
	at oracle.jdbc.driver.OracleStatement.doExecuteWithTimeout(OracleStatement.java:1635) ~[ojdbc17-23.26.3.0.0.jar:23.26.3.0.0]
	at oracle.jdbc.driver.OracleStatement.executeInternal(OracleStatement.java:2700) ~[ojdbc17-23.26.3.0.0.jar:23.26.3.0.0]
	at oracle.jdbc.driver.OracleStatement.execute(OracleStatement.java:2649) ~[ojdbc17-23.26.3.0.0.jar:23.26.3.0.0]
	at oracle.jdbc.driver.OracleStatementWrapper.execute(OracleStatementWrapper.java:350) ~[ojdbc17-23.26.3.0.0.jar:23.26.3.0.0]
	at com.zaxxer.hikari.pool.ProxyStatement.execute(ProxyStatement.java:95) ~[HikariCP-7.0.2.jar:na]
	at com.zaxxer.hikari.pool.HikariProxyStatement.execute(HikariProxyStatement.java) ~[HikariCP-7.0.2.jar:na]
	at org.hibernate.tool.schema.internal.exec.GenerationTargetToDatabase.accept(GenerationTargetToDatabase.java:86) ~[hibernate-core-7.4.5.Final.jar:7.4.5.Final]
	... 41 common frames omitted
Caused by: Error : 1758, Position : 12, SQL = alter table oauth_providers add updated_at timestamp(9) not null, Original SQL = alter table oauth_providers add updated_at timestamp(9) not null, Error Message = ORA-01758: table must be empty to add mandatory (NOT NULL) column

	at oracle.jdbc.driver.T4CTTIoer11.processError(T4CTTIoer11.java:727) ~[ojdbc17-23.26.3.0.0.jar:23.26.3.0.0]
	... 57 common frames omitted

2026-09-01T17:06:16.668+05:30  WARN 6704 --- [google-oauth2-sso-restapi] [restartedMain] o.h.t.s.i.ExceptionHandlerLoggedImpl     : GenerationTarget encountered exception accepting command : Error executing DDL "alter table oauth_providers add version number(19,0) not null" via JDBC [ORA-01758: table must be empty to add mandatory (NOT NULL) column

https://docs.oracle.com/error-help/db/ora-01758/]

org.hibernate.tool.schema.spi.CommandAcceptanceException: Error executing DDL "alter table oauth_providers add version number(19,0) not null" via JDBC [ORA-01758: table must be empty to add mandatory (NOT NULL) column

https://docs.oracle.com/error-help/db/ora-01758/]
	at org.hibernate.tool.schema.internal.exec.GenerationTargetToDatabase.accept(GenerationTargetToDatabase.java:91) ~[hibernate-core-7.4.5.Final.jar:7.4.5.Final]
	at org.hibernate.tool.schema.internal.AbstractSchemaMigrator.applySqlString(AbstractSchemaMigrator.java:566) ~[hibernate-core-7.4.5.Final.jar:7.4.5.Final]
	at org.hibernate.tool.schema.internal.AbstractSchemaMigrator.applySqlStrings(AbstractSchemaMigrator.java:506) ~[hibernate-core-7.4.5.Final.jar:7.4.5.Final]
	at org.hibernate.tool.schema.internal.AbstractSchemaMigrator.migrateTable(AbstractSchemaMigrator.java:324) ~[hibernate-core-7.4.5.Final.jar:7.4.5.Final]
	at org.hibernate.tool.schema.internal.GroupedSchemaMigratorImpl.performTablesMigration(GroupedSchemaMigratorImpl.java:84) ~[hibernate-core-7.4.5.Final.jar:7.4.5.Final]
	at org.hibernate.tool.schema.internal.AbstractSchemaMigrator.performMigration(AbstractSchemaMigrator.java:220) ~[hibernate-core-7.4.5.Final.jar:7.4.5.Final]
	at org.hibernate.tool.schema.internal.AbstractSchemaMigrator.doMigration(AbstractSchemaMigrator.java:96) ~[hibernate-core-7.4.5.Final.jar:7.4.5.Final]
	at org.hibernate.tool.schema.spi.SchemaManagementToolCoordinator.performDatabaseAction(SchemaManagementToolCoordinator.java:269) ~[hibernate-core-7.4.5.Final.jar:7.4.5.Final]
	at org.hibernate.tool.schema.spi.SchemaManagementToolCoordinator.lambda$process$1(SchemaManagementToolCoordinator.java:101) ~[hibernate-core-7.4.5.Final.jar:7.4.5.Final]
	at java.base/java.util.HashMap.forEach(HashMap.java:1429) ~[na:na]
	at org.hibernate.tool.schema.spi.SchemaManagementToolCoordinator.process(SchemaManagementToolCoordinator.java:100) ~[hibernate-core-7.4.5.Final.jar:7.4.5.Final]
	at org.hibernate.boot.internal.SessionFactoryObserverForSchemaExport.sessionFactoryCreated(SessionFactoryObserverForSchemaExport.java:35) ~[hibernate-core-7.4.5.Final.jar:7.4.5.Final]
	at org.hibernate.internal.SessionFactoryObserverChain.sessionFactoryCreated(SessionFactoryObserverChain.java:33) ~[hibernate-core-7.4.5.Final.jar:7.4.5.Final]
	at org.hibernate.internal.SessionFactoryImpl.<init>(SessionFactoryImpl.java:327) ~[hibernate-core-7.4.5.Final.jar:7.4.5.Final]
	at org.hibernate.internal.SessionFactoryRegistry.instantiateSessionFactory(SessionFactoryRegistry.java:64) ~[hibernate-core-7.4.5.Final.jar:7.4.5.Final]
	at org.hibernate.boot.internal.SessionFactoryBuilderImpl.build(SessionFactoryBuilderImpl.java:458) ~[hibernate-core-7.4.5.Final.jar:7.4.5.Final]
	at org.hibernate.jpa.boot.internal.EntityManagerFactoryBuilderImpl.build(EntityManagerFactoryBuilderImpl.java:1452) ~[hibernate-core-7.4.5.Final.jar:7.4.5.Final]
	at org.springframework.orm.jpa.vendor.SpringHibernateJpaPersistenceProvider.createContainerEntityManagerFactory(SpringHibernateJpaPersistenceProvider.java:93) ~[spring-orm-7.0.9.jar:7.0.9]
	at org.springframework.orm.jpa.LocalContainerEntityManagerFactoryBean.createNativeEntityManagerFactory(LocalContainerEntityManagerFactoryBean.java:443) ~[spring-orm-7.0.9.jar:7.0.9]
	at org.springframework.orm.jpa.AbstractEntityManagerFactoryBean.buildNativeEntityManagerFactory(AbstractEntityManagerFactoryBean.java:436) ~[spring-orm-7.0.9.jar:7.0.9]
	at org.springframework.orm.jpa.AbstractEntityManagerFactoryBean.afterPropertiesSet(AbstractEntityManagerFactoryBean.java:411) ~[spring-orm-7.0.9.jar:7.0.9]
	at org.springframework.orm.jpa.LocalContainerEntityManagerFactoryBean.afterPropertiesSet(LocalContainerEntityManagerFactoryBean.java:419) ~[spring-orm-7.0.9.jar:7.0.9]
	at org.springframework.beans.factory.support.AbstractAutowireCapableBeanFactory.invokeInitMethods(AbstractAutowireCapableBeanFactory.java:1862) ~[spring-beans-7.0.9.jar:7.0.9]
	at org.springframework.beans.factory.support.AbstractAutowireCapableBeanFactory.initializeBean(AbstractAutowireCapableBeanFactory.java:1811) ~[spring-beans-7.0.9.jar:7.0.9]
	at org.springframework.beans.factory.support.AbstractAutowireCapableBeanFactory.doCreateBean(AbstractAutowireCapableBeanFactory.java:603) ~[spring-beans-7.0.9.jar:7.0.9]
	at org.springframework.beans.factory.support.AbstractAutowireCapableBeanFactory.createBean(AbstractAutowireCapableBeanFactory.java:525) ~[spring-beans-7.0.9.jar:7.0.9]
	at org.springframework.beans.factory.support.AbstractBeanFactory.lambda$doGetBean$0(AbstractBeanFactory.java:333) ~[spring-beans-7.0.9.jar:7.0.9]
	at org.springframework.beans.factory.support.DefaultSingletonBeanRegistry.getSingleton(DefaultSingletonBeanRegistry.java:371) ~[spring-beans-7.0.9.jar:7.0.9]
	at org.springframework.beans.factory.support.AbstractBeanFactory.doGetBean(AbstractBeanFactory.java:331) ~[spring-beans-7.0.9.jar:7.0.9]
	at org.springframework.beans.factory.support.AbstractBeanFactory.getBean(AbstractBeanFactory.java:201) ~[spring-beans-7.0.9.jar:7.0.9]
	at org.springframework.context.support.AbstractApplicationContext.finishBeanFactoryInitialization(AbstractApplicationContext.java:977) ~[spring-context-7.0.9.jar:7.0.9]
	at org.springframework.context.support.AbstractApplicationContext.refresh(AbstractApplicationContext.java:621) ~[spring-context-7.0.9.jar:7.0.9]
	at org.springframework.boot.web.server.servlet.context.ServletWebServerApplicationContext.refresh(ServletWebServerApplicationContext.java:143) ~[spring-boot-web-server-4.1.1.jar:4.1.1]
	at org.springframework.boot.SpringApplication.refresh(SpringApplication.java:756) ~[spring-boot-4.1.1.jar:4.1.1]
	at org.springframework.boot.SpringApplication.refreshContext(SpringApplication.java:445) ~[spring-boot-4.1.1.jar:4.1.1]
	at org.springframework.boot.SpringApplication.run(SpringApplication.java:321) ~[spring-boot-4.1.1.jar:4.1.1]
	at org.springframework.boot.SpringApplication.run(SpringApplication.java:1365) ~[spring-boot-4.1.1.jar:4.1.1]
	at org.springframework.boot.SpringApplication.run(SpringApplication.java:1354) ~[spring-boot-4.1.1.jar:4.1.1]
	at com.fragma.GoogleOauth2SsoRestapiApplication.main(GoogleOauth2SsoRestapiApplication.java:12) ~[classes/:na]
	at java.base/jdk.internal.reflect.DirectMethodHandleAccessor.invoke(DirectMethodHandleAccessor.java:103) ~[na:na]
	at java.base/java.lang.reflect.Method.invoke(Method.java:580) ~[na:na]
	at org.springframework.boot.devtools.restart.RestartLauncher.run(RestartLauncher.java:52) ~[spring-boot-devtools-4.1.1.jar:4.1.1]
Caused by: java.sql.SQLSyntaxErrorException: ORA-01758: table must be empty to add mandatory (NOT NULL) column

https://docs.oracle.com/error-help/db/ora-01758/
	at oracle.jdbc.driver.T4CTTIoer11.processError(T4CTTIoer11.java:719) ~[ojdbc17-23.26.3.0.0.jar:23.26.3.0.0]
	at oracle.jdbc.driver.T4CTTIoer11.processError(T4CTTIoer11.java:619) ~[ojdbc17-23.26.3.0.0.jar:23.26.3.0.0]
	at oracle.jdbc.driver.T4C8Oall.processError(T4C8Oall.java:1382) ~[ojdbc17-23.26.3.0.0.jar:23.26.3.0.0]
	at oracle.jdbc.driver.T4CTTIfun.receive(T4CTTIfun.java:972) ~[ojdbc17-23.26.3.0.0.jar:23.26.3.0.0]
	at oracle.jdbc.driver.T4CTTIfun.receive(T4CTTIfun.java:788) ~[ojdbc17-23.26.3.0.0.jar:23.26.3.0.0]
	at oracle.jdbc.driver.T4CTTIfun.doRPC(T4CTTIfun.java:241) ~[ojdbc17-23.26.3.0.0.jar:23.26.3.0.0]
	at oracle.jdbc.driver.T4C8Oall.doOALL(T4C8Oall.java:531) ~[ojdbc17-23.26.3.0.0.jar:23.26.3.0.0]
	at oracle.jdbc.driver.T4CStatement.doOall8(T4CStatement.java:198) ~[ojdbc17-23.26.3.0.0.jar:23.26.3.0.0]
	at oracle.jdbc.driver.T4CStatement.executeForRows(T4CStatement.java:1411) ~[ojdbc17-23.26.3.0.0.jar:23.26.3.0.0]
	at oracle.jdbc.driver.OracleStatement.executeSQLStatement(OracleStatement.java:2022) ~[ojdbc17-23.26.3.0.0.jar:23.26.3.0.0]
	at oracle.jdbc.driver.OracleStatement.doExecuteWithTimeout(OracleStatement.java:1635) ~[ojdbc17-23.26.3.0.0.jar:23.26.3.0.0]
	at oracle.jdbc.driver.OracleStatement.executeInternal(OracleStatement.java:2700) ~[ojdbc17-23.26.3.0.0.jar:23.26.3.0.0]
	at oracle.jdbc.driver.OracleStatement.execute(OracleStatement.java:2649) ~[ojdbc17-23.26.3.0.0.jar:23.26.3.0.0]
	at oracle.jdbc.driver.OracleStatementWrapper.execute(OracleStatementWrapper.java:350) ~[ojdbc17-23.26.3.0.0.jar:23.26.3.0.0]
	at com.zaxxer.hikari.pool.ProxyStatement.execute(ProxyStatement.java:95) ~[HikariCP-7.0.2.jar:na]
	at com.zaxxer.hikari.pool.HikariProxyStatement.execute(HikariProxyStatement.java) ~[HikariCP-7.0.2.jar:na]
	at org.hibernate.tool.schema.internal.exec.GenerationTargetToDatabase.accept(GenerationTargetToDatabase.java:86) ~[hibernate-core-7.4.5.Final.jar:7.4.5.Final]
	... 41 common frames omitted
Caused by: Error : 1758, Position : 12, SQL = alter table oauth_providers add version number(19,0) not null, Original SQL = alter table oauth_providers add version number(19,0) not null, Error Message = ORA-01758: table must be empty to add mandatory (NOT NULL) column

	at oracle.jdbc.driver.T4CTTIoer11.processError(T4CTTIoer11.java:727) ~[ojdbc17-23.26.3.0.0.jar:23.26.3.0.0]
	... 57 common frames omitted

2026-09-01T17:06:16.685+05:30  INFO 6704 --- [google-oauth2-sso-restapi] [restartedMain] j.LocalContainerEntityManagerFactoryBean : Initialized JPA EntityManagerFactory for persistence unit 'default'
2026-09-01T17:06:16.835+05:30  WARN 6704 --- [google-oauth2-sso-restapi] [restartedMain] JpaBaseConfiguration$JpaWebConfiguration : spring.jpa.open-in-view is enabled by default. Therefore, database queries may be performed during view rendering. Explicitly configure spring.jpa.open-in-view to disable this warning
2026-09-01T17:06:17.014+05:30  INFO 6704 --- [google-oauth2-sso-restapi] [restartedMain] o.s.boot.tomcat.TomcatWebServer          : Tomcat started on port 8080 (http) with context path '/'
2026-09-01T17:06:17.019+05:30  INFO 6704 --- [google-oauth2-sso-restapi] [restartedMain] c.f.GoogleOauth2SsoRestapiApplication    : Started GoogleOauth2SsoRestapiApplication in 2.44 seconds (process running for 9442.525)
2026-09-01T17:06:17.024+05:30  INFO 6704 --- [google-oauth2-sso-restapi] [restartedMain] .ConditionEvaluationDeltaLoggingListener : Condition evaluation unchanged
2026-09-01T17:06:33.693+05:30  INFO 6704 --- [google-oauth2-sso-restapi] [File Watcher] rtingClassPathChangeChangedEventListener : Restarting due to 1 class path change (0 additions, 0 deletions, 1 modification)
2026-09-01T17:06:33.698+05:30  INFO 6704 --- [google-oauth2-sso-restapi] [Thread-14] o.s.boot.tomcat.GracefulShutdown         : Commencing graceful shutdown. Waiting for active requests to complete
2026-09-01T17:06:33.717+05:30  INFO 6704 --- [google-oauth2-sso-restapi] [tomcat-shutdown] o.s.boot.tomcat.GracefulShutdown         : Graceful shutdown complete
2026-09-01T17:06:33.729+05:30  INFO 6704 --- [google-oauth2-sso-restapi] [Thread-14] j.LocalContainerEntityManagerFactoryBean : Closing JPA EntityManagerFactory for persistence unit 'default'
2026-09-01T17:06:33.731+05:30  INFO 6704 --- [google-oauth2-sso-restapi] [Thread-14] com.zaxxer.hikari.HikariDataSource       : HikariPool-4 - Shutdown initiated...
2026-09-01T17:06:33.767+05:30  INFO 6704 --- [google-oauth2-sso-restapi] [Thread-14] com.zaxxer.hikari.HikariDataSource       : HikariPool-4 - Shutdown completed.
2026-09-01T17:06:33.894+05:30  INFO 6704 --- [google-oauth2-sso-restapi] [restartedMain] c.f.GoogleOauth2SsoRestapiApplication    : Starting GoogleOauth2SsoRestapiApplication using Java 21.0.8 with PID 6704 (D:\AssignmentFragma\google-oauth2-sso-restapi\target\classes started by Sunitha in D:\AssignmentFragma\google-oauth2-sso-restapi)
2026-09-01T17:06:33.894+05:30 DEBUG 6704 --- [google-oauth2-sso-restapi] [restartedMain] c.f.GoogleOauth2SsoRestapiApplication    : Running with Spring Boot v4.1.1, Spring v7.0.9
2026-09-01T17:06:33.894+05:30  INFO 6704 --- [google-oauth2-sso-restapi] [restartedMain] c.f.GoogleOauth2SsoRestapiApplication    : No active profile set, falling back to 1 default profile: "default"
2026-09-01T17:06:35.350+05:30  INFO 6704 --- [google-oauth2-sso-restapi] [restartedMain] .s.d.r.c.RepositoryConfigurationDelegate : Bootstrapping Spring Data JPA repositories in DEFAULT mode.
2026-09-01T17:06:35.615+05:30  INFO 6704 --- [google-oauth2-sso-restapi] [restartedMain] .s.d.r.c.RepositoryConfigurationDelegate : Finished Spring Data repository scanning in 258 ms. Found 2 JPA repository interfaces.
2026-09-01T17:06:36.290+05:30  INFO 6704 --- [google-oauth2-sso-restapi] [restartedMain] o.s.boot.tomcat.TomcatWebServer          : Tomcat initialized with port 8080 (http)
2026-09-01T17:06:36.300+05:30  INFO 6704 --- [google-oauth2-sso-restapi] [restartedMain] o.apache.catalina.core.StandardService   : Starting service [Tomcat]
2026-09-01T17:06:36.304+05:30  INFO 6704 --- [google-oauth2-sso-restapi] [restartedMain] o.apache.catalina.core.StandardEngine    : Starting Servlet engine: [Apache Tomcat/11.0.24]
2026-09-01T17:06:36.349+05:30  INFO 6704 --- [google-oauth2-sso-restapi] [restartedMain] b.w.c.s.WebApplicationContextInitializer : Root WebApplicationContext: initialization completed in 2445 ms
2026-09-01T17:06:36.635+05:30  INFO 6704 --- [google-oauth2-sso-restapi] [restartedMain] org.hibernate.orm.jpa                    : HHH008540: Processing PersistenceUnitInfo [name: default]
2026-09-01T17:06:36.665+05:30  INFO 6704 --- [google-oauth2-sso-restapi] [restartedMain] o.s.o.j.p.SpringPersistenceUnitInfo      : No LoadTimeWeaver setup: ignoring JPA class transformer
2026-09-01T17:06:36.667+05:30  INFO 6704 --- [google-oauth2-sso-restapi] [restartedMain] com.zaxxer.hikari.HikariDataSource       : HikariPool-5 - Starting...
2026-09-01T17:06:36.714+05:30  INFO 6704 --- [google-oauth2-sso-restapi] [restartedMain] com.zaxxer.hikari.pool.HikariPool        : HikariPool-5 - Added connection oracle.jdbc.driver.T4CConnection@3d48edf
2026-09-01T17:06:36.714+05:30  INFO 6704 --- [google-oauth2-sso-restapi] [restartedMain] com.zaxxer.hikari.HikariDataSource       : HikariPool-5 - Start completed.
2026-09-01T17:06:36.722+05:30  WARN 6704 --- [google-oauth2-sso-restapi] [restartedMain] org.hibernate.orm.jdbc                   : HHH100123: Low default JDBC fetch size: 10 (consider setting 'hibernate.jdbc.fetch_size')
2026-09-01T17:06:36.722+05:30  INFO 6704 --- [google-oauth2-sso-restapi] [restartedMain] org.hibernate.orm.connections.pooling    : HHH10001005: Database info:
	Database JDBC URL [jdbc:oracle:thin:@localhost:1521:orcl]
	Database driver: Oracle JDBC driver
	Database dialect: OracleDialect
	Database version: 21.3
	Default catalog/schema: undefined/SUNITHA
	Autocommit mode: undefined/unknown
	Isolation level: READ_COMMITTED [default READ_COMMITTED]
	JDBC fetch size: 10
	Pool: DataSourceConnectionProvider
	Minimum pool size: undefined/unknown
	Maximum pool size: undefined/unknown
2026-09-01T17:06:36.928+05:30  INFO 6704 --- [google-oauth2-sso-restapi] [restartedMain] org.hibernate.orm.core                   : HHH000489: No JTA platform available (set 'hibernate.transaction.jta.platform' to enable JTA platform integration)
2026-09-01T17:06:37.265+05:30  INFO 6704 --- [google-oauth2-sso-restapi] [restartedMain] j.LocalContainerEntityManagerFactoryBean : Initialized JPA EntityManagerFactory for persistence unit 'default'
2026-09-01T17:06:37.733+05:30  WARN 6704 --- [google-oauth2-sso-restapi] [restartedMain] JpaBaseConfiguration$JpaWebConfiguration : spring.jpa.open-in-view is enabled by default. Therefore, database queries may be performed during view rendering. Explicitly configure spring.jpa.open-in-view to disable this warning
2026-09-01T17:06:38.221+05:30  INFO 6704 --- [google-oauth2-sso-restapi] [restartedMain] o.s.boot.tomcat.TomcatWebServer          : Tomcat started on port 8080 (http) with context path '/'
2026-09-01T17:06:38.231+05:30  INFO 6704 --- [google-oauth2-sso-restapi] [restartedMain] c.f.GoogleOauth2SsoRestapiApplication    : Started GoogleOauth2SsoRestapiApplication in 4.382 seconds (process running for 9463.736)
2026-09-01T17:06:38.240+05:30  INFO 6704 --- [google-oauth2-sso-restapi] [restartedMain] .ConditionEvaluationDeltaLoggingListener : Condition evaluation unchanged
2026-09-01T17:09:43.842+05:30  INFO 6704 --- [google-oauth2-sso-restapi] [File Watcher] rtingClassPathChangeChangedEventListener : Restarting due to 1 class path change (0 additions, 0 deletions, 1 modification)
2026-09-01T17:09:43.847+05:30  INFO 6704 --- [google-oauth2-sso-restapi] [Thread-18] o.s.boot.tomcat.GracefulShutdown         : Commencing graceful shutdown. Waiting for active requests to complete
2026-09-01T17:09:43.863+05:30  INFO 6704 --- [google-oauth2-sso-restapi] [tomcat-shutdown] o.s.boot.tomcat.GracefulShutdown         : Graceful shutdown complete
2026-09-01T17:09:43.870+05:30  INFO 6704 --- [google-oauth2-sso-restapi] [Thread-18] j.LocalContainerEntityManagerFactoryBean : Closing JPA EntityManagerFactory for persistence unit 'default'
2026-09-01T17:09:43.873+05:30  INFO 6704 --- [google-oauth2-sso-restapi] [Thread-18] com.zaxxer.hikari.HikariDataSource       : HikariPool-5 - Shutdown initiated...
2026-09-01T17:09:43.897+05:30  INFO 6704 --- [google-oauth2-sso-restapi] [Thread-18] com.zaxxer.hikari.HikariDataSource       : HikariPool-5 - Shutdown completed.
2026-09-01T17:09:44.009+05:30  INFO 6704 --- [google-oauth2-sso-restapi] [restartedMain] c.f.GoogleOauth2SsoRestapiApplication    : Starting GoogleOauth2SsoRestapiApplication using Java 21.0.8 with PID 6704 (D:\AssignmentFragma\google-oauth2-sso-restapi\target\classes started by Sunitha in D:\AssignmentFragma\google-oauth2-sso-restapi)
2026-09-01T17:09:44.010+05:30 DEBUG 6704 --- [google-oauth2-sso-restapi] [restartedMain] c.f.GoogleOauth2SsoRestapiApplication    : Running with Spring Boot v4.1.1, Spring v7.0.9
2026-09-01T17:09:44.010+05:30  INFO 6704 --- [google-oauth2-sso-restapi] [restartedMain] c.f.GoogleOauth2SsoRestapiApplication    : No active profile set, falling back to 1 default profile: "default"
2026-09-01T17:09:44.196+05:30  INFO 6704 --- [google-oauth2-sso-restapi] [restartedMain] .s.d.r.c.RepositoryConfigurationDelegate : Bootstrapping Spring Data JPA repositories in DEFAULT mode.
2026-09-01T17:09:44.222+05:30  INFO 6704 --- [google-oauth2-sso-restapi] [restartedMain] .s.d.r.c.RepositoryConfigurationDelegate : Finished Spring Data repository scanning in 19 ms. Found 2 JPA repository interfaces.
2026-09-01T17:09:44.350+05:30  INFO 6704 --- [google-oauth2-sso-restapi] [restartedMain] o.s.boot.tomcat.TomcatWebServer          : Tomcat initialized with port 8080 (http)
2026-09-01T17:09:44.352+05:30  INFO 6704 --- [google-oauth2-sso-restapi] [restartedMain] o.apache.catalina.core.StandardService   : Starting service [Tomcat]
2026-09-01T17:09:44.353+05:30  INFO 6704 --- [google-oauth2-sso-restapi] [restartedMain] o.apache.catalina.core.StandardEngine    : Starting Servlet engine: [Apache Tomcat/11.0.24]
2026-09-01T17:09:44.398+05:30  INFO 6704 --- [google-oauth2-sso-restapi] [restartedMain] b.w.c.s.WebApplicationContextInitializer : Root WebApplicationContext: initialization completed in 379 ms
2026-09-01T17:09:44.559+05:30  INFO 6704 --- [google-oauth2-sso-restapi] [restartedMain] org.hibernate.orm.jpa                    : HHH008540: Processing PersistenceUnitInfo [name: default]
2026-09-01T17:09:44.592+05:30  INFO 6704 --- [google-oauth2-sso-restapi] [restartedMain] o.s.o.j.p.SpringPersistenceUnitInfo      : No LoadTimeWeaver setup: ignoring JPA class transformer
2026-09-01T17:09:44.596+05:30  INFO 6704 --- [google-oauth2-sso-restapi] [restartedMain] com.zaxxer.hikari.HikariDataSource       : HikariPool-6 - Starting...
2026-09-01T17:09:44.687+05:30  INFO 6704 --- [google-oauth2-sso-restapi] [restartedMain] com.zaxxer.hikari.pool.HikariPool        : HikariPool-6 - Added connection oracle.jdbc.driver.T4CConnection@5c0418ed
2026-09-01T17:09:44.687+05:30  INFO 6704 --- [google-oauth2-sso-restapi] [restartedMain] com.zaxxer.hikari.HikariDataSource       : HikariPool-6 - Start completed.
2026-09-01T17:09:44.695+05:30  WARN 6704 --- [google-oauth2-sso-restapi] [restartedMain] org.hibernate.orm.jdbc                   : HHH100123: Low default JDBC fetch size: 10 (consider setting 'hibernate.jdbc.fetch_size')
2026-09-01T17:09:44.695+05:30  INFO 6704 --- [google-oauth2-sso-restapi] [restartedMain] org.hibernate.orm.connections.pooling    : HHH10001005: Database info:
	Database JDBC URL [jdbc:oracle:thin:@localhost:1521:orcl]
	Database driver: Oracle JDBC driver
	Database dialect: OracleDialect
	Database version: 21.3
	Default catalog/schema: undefined/SUNITHA
	Autocommit mode: undefined/unknown
	Isolation level: READ_COMMITTED [default READ_COMMITTED]
	JDBC fetch size: 10
	Pool: DataSourceConnectionProvider
	Minimum pool size: undefined/unknown
	Maximum pool size: undefined/unknown
2026-09-01T17:09:44.806+05:30  INFO 6704 --- [google-oauth2-sso-restapi] [restartedMain] org.hibernate.orm.core                   : HHH000489: No JTA platform available (set 'hibernate.transaction.jta.platform' to enable JTA platform integration)
2026-09-01T17:09:45.620+05:30  INFO 6704 --- [google-oauth2-sso-restapi] [restartedMain] j.LocalContainerEntityManagerFactoryBean : Initialized JPA EntityManagerFactory for persistence unit 'default'
2026-09-01T17:09:45.760+05:30  WARN 6704 --- [google-oauth2-sso-restapi] [restartedMain] JpaBaseConfiguration$JpaWebConfiguration : spring.jpa.open-in-view is enabled by default. Therefore, database queries may be performed during view rendering. Explicitly configure spring.jpa.open-in-view to disable this warning
2026-09-01T17:09:45.945+05:30  INFO 6704 --- [google-oauth2-sso-restapi] [restartedMain] o.s.boot.tomcat.TomcatWebServer          : Tomcat started on port 8080 (http) with context path '/'
2026-09-01T17:09:45.949+05:30  INFO 6704 --- [google-oauth2-sso-restapi] [restartedMain] c.f.GoogleOauth2SsoRestapiApplication    : Started GoogleOauth2SsoRestapiApplication in 1.966 seconds (process running for 9651.454)
2026-09-01T17:09:45.952+05:30  INFO 6704 --- [google-oauth2-sso-restapi] [restartedMain] .ConditionEvaluationDeltaLoggingListener : Condition evaluation unchanged
2026-09-01T17:13:08.555+05:30  INFO 51264 --- [google-oauth2-sso-restapi] [restartedMain] c.f.GoogleOauth2SsoRestapiApplication    : Starting GoogleOauth2SsoRestapiApplication using Java 21.0.8 with PID 51264 (D:\AssignmentFragma\google-oauth2-sso-restapi\target\classes started by Sunitha in D:\AssignmentFragma\google-oauth2-sso-restapi)
2026-09-01T17:13:08.572+05:30 DEBUG 51264 --- [google-oauth2-sso-restapi] [restartedMain] c.f.GoogleOauth2SsoRestapiApplication    : Running with Spring Boot v4.1.1, Spring v7.0.9
2026-09-01T17:13:08.577+05:30  INFO 51264 --- [google-oauth2-sso-restapi] [restartedMain] c.f.GoogleOauth2SsoRestapiApplication    : No active profile set, falling back to 1 default profile: "default"
2026-09-01T17:13:08.748+05:30  INFO 51264 --- [google-oauth2-sso-restapi] [restartedMain] o.s.b.devtools.restart.ChangeableUrls    : The Class-Path manifest attribute in C:\Users\gugul\.m2\repository\com\oracle\database\jdbc\ojdbc17\23.26.3.0.0\ojdbc17-23.26.3.0.0.jar referenced one or more files that do not exist: file:/C:/Users/gugul/.m2/repository/com/oracle/database/jdbc/ojdbc17/23.26.3.0.0/oraclepki.jar
2026-09-01T17:13:08.749+05:30  INFO 51264 --- [google-oauth2-sso-restapi] [restartedMain] .e.DevToolsPropertyDefaultsPostProcessor : Devtools property defaults active! Set 'spring.devtools.add-properties' to 'false' to disable
2026-09-01T17:13:08.751+05:30  INFO 51264 --- [google-oauth2-sso-restapi] [restartedMain] .e.DevToolsPropertyDefaultsPostProcessor : For additional web related logging consider setting the 'logging.level.web' property to 'DEBUG'
2026-09-01T17:13:10.363+05:30  INFO 51264 --- [google-oauth2-sso-restapi] [restartedMain] .s.d.r.c.RepositoryConfigurationDelegate : Bootstrapping Spring Data JPA repositories in DEFAULT mode.
2026-09-01T17:13:10.481+05:30  INFO 51264 --- [google-oauth2-sso-restapi] [restartedMain] .s.d.r.c.RepositoryConfigurationDelegate : Finished Spring Data repository scanning in 104 ms. Found 2 JPA repository interfaces.
2026-09-01T17:13:11.900+05:30  INFO 51264 --- [google-oauth2-sso-restapi] [restartedMain] o.s.boot.tomcat.TomcatWebServer          : Tomcat initialized with port 8080 (http)
2026-09-01T17:13:11.938+05:30  INFO 51264 --- [google-oauth2-sso-restapi] [restartedMain] o.apache.catalina.core.StandardService   : Starting service [Tomcat]
2026-09-01T17:13:11.939+05:30  INFO 51264 --- [google-oauth2-sso-restapi] [restartedMain] o.apache.catalina.core.StandardEngine    : Starting Servlet engine: [Apache Tomcat/11.0.24]
2026-09-01T17:13:12.042+05:30  INFO 51264 --- [google-oauth2-sso-restapi] [restartedMain] b.w.c.s.WebApplicationContextInitializer : Root WebApplicationContext: initialization completed in 3281 ms
2026-09-01T17:13:12.839+05:30  INFO 51264 --- [google-oauth2-sso-restapi] [restartedMain] org.hibernate.orm.jpa                    : HHH008540: Processing PersistenceUnitInfo [name: default]
2026-09-01T17:13:12.949+05:30  INFO 51264 --- [google-oauth2-sso-restapi] [restartedMain] org.hibernate.orm.core                   : HHH000001: Hibernate ORM core version 7.4.5.Final
2026-09-01T17:13:13.668+05:30  INFO 51264 --- [google-oauth2-sso-restapi] [restartedMain] o.s.o.j.p.SpringPersistenceUnitInfo      : No LoadTimeWeaver setup: ignoring JPA class transformer
2026-09-01T17:13:13.727+05:30  INFO 51264 --- [google-oauth2-sso-restapi] [restartedMain] com.zaxxer.hikari.HikariDataSource       : HikariPool-1 - Starting...
2026-09-01T17:13:14.405+05:30  INFO 51264 --- [google-oauth2-sso-restapi] [restartedMain] com.zaxxer.hikari.pool.HikariPool        : HikariPool-1 - Added connection oracle.jdbc.driver.T4CConnection@300374a
2026-09-01T17:13:14.410+05:30  INFO 51264 --- [google-oauth2-sso-restapi] [restartedMain] com.zaxxer.hikari.HikariDataSource       : HikariPool-1 - Start completed.
2026-09-01T17:13:14.849+05:30  WARN 51264 --- [google-oauth2-sso-restapi] [restartedMain] org.hibernate.orm.jdbc                   : HHH100123: Low default JDBC fetch size: 10 (consider setting 'hibernate.jdbc.fetch_size')
2026-09-01T17:13:14.864+05:30  INFO 51264 --- [google-oauth2-sso-restapi] [restartedMain] org.hibernate.orm.connections.pooling    : HHH10001005: Database info:
	Database JDBC URL [jdbc:oracle:thin:@localhost:1521:orcl]
	Database driver: Oracle JDBC driver
	Database dialect: OracleDialect
	Database version: 21.3
	Default catalog/schema: undefined/SUNITHA
	Autocommit mode: undefined/unknown
	Isolation level: READ_COMMITTED [default READ_COMMITTED]
	JDBC fetch size: 10
	Pool: DataSourceConnectionProvider
	Minimum pool size: undefined/unknown
	Maximum pool size: undefined/unknown
2026-09-01T17:13:16.288+05:30  INFO 51264 --- [google-oauth2-sso-restapi] [restartedMain] org.hibernate.orm.core                   : HHH000489: No JTA platform available (set 'hibernate.transaction.jta.platform' to enable JTA platform integration)
2026-09-01T17:13:16.947+05:30  INFO 51264 --- [google-oauth2-sso-restapi] [restartedMain] j.LocalContainerEntityManagerFactoryBean : Initialized JPA EntityManagerFactory for persistence unit 'default'
2026-09-01T17:13:17.102+05:30  INFO 51264 --- [google-oauth2-sso-restapi] [restartedMain] o.s.d.j.r.query.QueryEnhancerFactories   : Hibernate is in classpath; If applicable, HQL parser will be used.
2026-09-01T17:13:17.983+05:30  WARN 51264 --- [google-oauth2-sso-restapi] [restartedMain] JpaBaseConfiguration$JpaWebConfiguration : spring.jpa.open-in-view is enabled by default. Therefore, database queries may be performed during view rendering. Explicitly configure spring.jpa.open-in-view to disable this warning
2026-09-01T17:13:19.091+05:30  INFO 51264 --- [google-oauth2-sso-restapi] [restartedMain] o.s.boot.tomcat.TomcatWebServer          : Tomcat started on port 8080 (http) with context path '/'
2026-09-01T17:13:19.105+05:30  INFO 51264 --- [google-oauth2-sso-restapi] [restartedMain] c.f.GoogleOauth2SsoRestapiApplication    : Started GoogleOauth2SsoRestapiApplication in 11.472 seconds (process running for 12.629)
2026-09-01T17:32:46.624+05:30  INFO 32304 --- [google-oauth2-sso-restapi] [restartedMain] c.f.GoogleOauth2SsoRestapiApplication    : Starting GoogleOauth2SsoRestapiApplication using Java 21.0.8 with PID 32304 (D:\AssignmentFragma\google-oauth2-sso-restapi\target\classes started by Sunitha in D:\AssignmentFragma\google-oauth2-sso-restapi)
2026-09-01T17:32:46.633+05:30 DEBUG 32304 --- [google-oauth2-sso-restapi] [restartedMain] c.f.GoogleOauth2SsoRestapiApplication    : Running with Spring Boot v4.1.1, Spring v7.0.9
2026-09-01T17:32:46.638+05:30  INFO 32304 --- [google-oauth2-sso-restapi] [restartedMain] c.f.GoogleOauth2SsoRestapiApplication    : No active profile set, falling back to 1 default profile: "default"
2026-09-01T17:32:46.780+05:30  INFO 32304 --- [google-oauth2-sso-restapi] [restartedMain] o.s.b.devtools.restart.ChangeableUrls    : The Class-Path manifest attribute in C:\Users\gugul\.m2\repository\com\oracle\database\jdbc\ojdbc17\23.26.3.0.0\ojdbc17-23.26.3.0.0.jar referenced one or more files that do not exist: file:/C:/Users/gugul/.m2/repository/com/oracle/database/jdbc/ojdbc17/23.26.3.0.0/oraclepki.jar
2026-09-01T17:32:46.781+05:30  INFO 32304 --- [google-oauth2-sso-restapi] [restartedMain] .e.DevToolsPropertyDefaultsPostProcessor : Devtools property defaults active! Set 'spring.devtools.add-properties' to 'false' to disable
2026-09-01T17:32:46.785+05:30  INFO 32304 --- [google-oauth2-sso-restapi] [restartedMain] .e.DevToolsPropertyDefaultsPostProcessor : For additional web related logging consider setting the 'logging.level.web' property to 'DEBUG'
2026-09-01T17:32:48.411+05:30  INFO 32304 --- [google-oauth2-sso-restapi] [restartedMain] .s.d.r.c.RepositoryConfigurationDelegate : Bootstrapping Spring Data JPA repositories in DEFAULT mode.
2026-09-01T17:32:48.528+05:30  INFO 32304 --- [google-oauth2-sso-restapi] [restartedMain] .s.d.r.c.RepositoryConfigurationDelegate : Finished Spring Data repository scanning in 102 ms. Found 2 JPA repository interfaces.
2026-09-01T17:32:52.670+05:30  INFO 32304 --- [google-oauth2-sso-restapi] [restartedMain] o.s.boot.tomcat.TomcatWebServer          : Tomcat initialized with port 8080 (http)
2026-09-01T17:32:52.796+05:30  INFO 32304 --- [google-oauth2-sso-restapi] [restartedMain] o.apache.catalina.core.StandardService   : Starting service [Tomcat]
2026-09-01T17:32:52.801+05:30  INFO 32304 --- [google-oauth2-sso-restapi] [restartedMain] o.apache.catalina.core.StandardEngine    : Starting Servlet engine: [Apache Tomcat/11.0.24]
2026-09-01T17:32:53.020+05:30  INFO 32304 --- [google-oauth2-sso-restapi] [restartedMain] b.w.c.s.WebApplicationContextInitializer : Root WebApplicationContext: initialization completed in 6225 ms
2026-09-01T17:32:54.906+05:30  INFO 32304 --- [google-oauth2-sso-restapi] [restartedMain] org.hibernate.orm.jpa                    : HHH008540: Processing PersistenceUnitInfo [name: default]
2026-09-01T17:32:55.158+05:30  INFO 32304 --- [google-oauth2-sso-restapi] [restartedMain] org.hibernate.orm.core                   : HHH000001: Hibernate ORM core version 7.4.5.Final
2026-09-01T17:32:57.276+05:30  INFO 32304 --- [google-oauth2-sso-restapi] [restartedMain] o.s.o.j.p.SpringPersistenceUnitInfo      : No LoadTimeWeaver setup: ignoring JPA class transformer
2026-09-01T17:32:57.378+05:30  INFO 32304 --- [google-oauth2-sso-restapi] [restartedMain] com.zaxxer.hikari.HikariDataSource       : HikariPool-1 - Starting...
2026-09-01T17:32:58.785+05:30  INFO 32304 --- [google-oauth2-sso-restapi] [restartedMain] com.zaxxer.hikari.pool.HikariPool        : HikariPool-1 - Added connection oracle.jdbc.driver.T4CConnection@26c9f391
2026-09-01T17:32:58.796+05:30  INFO 32304 --- [google-oauth2-sso-restapi] [restartedMain] com.zaxxer.hikari.HikariDataSource       : HikariPool-1 - Start completed.
2026-09-01T17:33:01.604+05:30  WARN 32304 --- [google-oauth2-sso-restapi] [restartedMain] org.hibernate.orm.jdbc                   : HHH100123: Low default JDBC fetch size: 10 (consider setting 'hibernate.jdbc.fetch_size')
2026-09-01T17:33:01.666+05:30  INFO 32304 --- [google-oauth2-sso-restapi] [restartedMain] org.hibernate.orm.connections.pooling    : HHH10001005: Database info:
	Database JDBC URL [jdbc:oracle:thin:@localhost:1521:orcl]
	Database driver: Oracle JDBC driver
	Database dialect: OracleDialect
	Database version: 21.3
	Default catalog/schema: undefined/SUNITHA
	Autocommit mode: undefined/unknown
	Isolation level: READ_COMMITTED [default READ_COMMITTED]
	JDBC fetch size: 10
	Pool: DataSourceConnectionProvider
	Minimum pool size: undefined/unknown
	Maximum pool size: undefined/unknown
2026-09-01T17:33:19.328+05:30  INFO 32304 --- [google-oauth2-sso-restapi] [restartedMain] org.hibernate.orm.core                   : HHH000489: No JTA platform available (set 'hibernate.transaction.jta.platform' to enable JTA platform integration)
2026-09-01T17:33:22.135+05:30  INFO 32304 --- [google-oauth2-sso-restapi] [restartedMain] j.LocalContainerEntityManagerFactoryBean : Initialized JPA EntityManagerFactory for persistence unit 'default'
2026-09-01T17:33:22.591+05:30  INFO 32304 --- [google-oauth2-sso-restapi] [restartedMain] o.s.d.j.r.query.QueryEnhancerFactories   : Hibernate is in classpath; If applicable, HQL parser will be used.
2026-09-01T17:33:26.118+05:30  WARN 32304 --- [google-oauth2-sso-restapi] [restartedMain] JpaBaseConfiguration$JpaWebConfiguration : spring.jpa.open-in-view is enabled by default. Therefore, database queries may be performed during view rendering. Explicitly configure spring.jpa.open-in-view to disable this warning
2026-09-01T17:33:28.800+05:30  INFO 32304 --- [google-oauth2-sso-restapi] [restartedMain] o.s.boot.tomcat.TomcatWebServer          : Tomcat started on port 8080 (http) with context path '/'
2026-09-01T17:33:28.834+05:30  INFO 32304 --- [google-oauth2-sso-restapi] [restartedMain] c.f.GoogleOauth2SsoRestapiApplication    : Started GoogleOauth2SsoRestapiApplication in 43.098 seconds (process running for 44.151)
2026-09-01T17:33:49.061+05:30  INFO 32304 --- [google-oauth2-sso-restapi] [http-nio-8080-exec-2] o.a.c.c.C.[Tomcat].[localhost].[/]       : Initializing Spring DispatcherServlet 'dispatcherServlet'
2026-09-01T17:33:49.062+05:30  INFO 32304 --- [google-oauth2-sso-restapi] [http-nio-8080-exec-2] o.s.web.servlet.DispatcherServlet        : Initializing Servlet 'dispatcherServlet'
2026-09-01T17:33:49.101+05:30  INFO 32304 --- [google-oauth2-sso-restapi] [http-nio-8080-exec-2] o.s.web.servlet.DispatcherServlet        : Completed initialization in 22 ms
2026-09-01T17:33:49.809+05:30  INFO 32304 --- [google-oauth2-sso-restapi] [http-nio-8080-exec-2] com.fragma.service.AuthService           : Fetching enabled OAuth providers from database
2026-09-01T17:38:49.298+05:30  INFO 36812 --- [google-oauth2-sso-restapi] [restartedMain] c.f.GoogleOauth2SsoRestapiApplication    : Starting GoogleOauth2SsoRestapiApplication using Java 21.0.8 with PID 36812 (D:\AssignmentFragma\google-oauth2-sso-restapi\target\classes started by Sunitha in D:\AssignmentFragma\google-oauth2-sso-restapi)
2026-09-01T17:38:49.303+05:30 DEBUG 36812 --- [google-oauth2-sso-restapi] [restartedMain] c.f.GoogleOauth2SsoRestapiApplication    : Running with Spring Boot v4.1.1, Spring v7.0.9
2026-09-01T17:38:49.308+05:30  INFO 36812 --- [google-oauth2-sso-restapi] [restartedMain] c.f.GoogleOauth2SsoRestapiApplication    : No active profile set, falling back to 1 default profile: "default"
2026-09-01T17:38:49.449+05:30  INFO 36812 --- [google-oauth2-sso-restapi] [restartedMain] o.s.b.devtools.restart.ChangeableUrls    : The Class-Path manifest attribute in C:\Users\gugul\.m2\repository\com\oracle\database\jdbc\ojdbc17\23.26.3.0.0\ojdbc17-23.26.3.0.0.jar referenced one or more files that do not exist: file:/C:/Users/gugul/.m2/repository/com/oracle/database/jdbc/ojdbc17/23.26.3.0.0/oraclepki.jar
2026-09-01T17:38:49.451+05:30  INFO 36812 --- [google-oauth2-sso-restapi] [restartedMain] .e.DevToolsPropertyDefaultsPostProcessor : Devtools property defaults active! Set 'spring.devtools.add-properties' to 'false' to disable
2026-09-01T17:38:49.455+05:30  INFO 36812 --- [google-oauth2-sso-restapi] [restartedMain] .e.DevToolsPropertyDefaultsPostProcessor : For additional web related logging consider setting the 'logging.level.web' property to 'DEBUG'
2026-09-01T17:38:50.911+05:30  INFO 36812 --- [google-oauth2-sso-restapi] [restartedMain] .s.d.r.c.RepositoryConfigurationDelegate : Bootstrapping Spring Data JPA repositories in DEFAULT mode.
2026-09-01T17:38:51.022+05:30  INFO 36812 --- [google-oauth2-sso-restapi] [restartedMain] .s.d.r.c.RepositoryConfigurationDelegate : Finished Spring Data repository scanning in 96 ms. Found 2 JPA repository interfaces.
2026-09-01T17:38:52.463+05:30  INFO 36812 --- [google-oauth2-sso-restapi] [restartedMain] o.s.boot.tomcat.TomcatWebServer          : Tomcat initialized with port 8080 (http)
2026-09-01T17:38:52.512+05:30  INFO 36812 --- [google-oauth2-sso-restapi] [restartedMain] o.apache.catalina.core.StandardService   : Starting service [Tomcat]
2026-09-01T17:38:52.515+05:30  INFO 36812 --- [google-oauth2-sso-restapi] [restartedMain] o.apache.catalina.core.StandardEngine    : Starting Servlet engine: [Apache Tomcat/11.0.24]
2026-09-01T17:38:52.622+05:30  INFO 36812 --- [google-oauth2-sso-restapi] [restartedMain] b.w.c.s.WebApplicationContextInitializer : Root WebApplicationContext: initialization completed in 3164 ms
2026-09-01T17:38:53.412+05:30  INFO 36812 --- [google-oauth2-sso-restapi] [restartedMain] org.hibernate.orm.jpa                    : HHH008540: Processing PersistenceUnitInfo [name: default]
2026-09-01T17:38:53.506+05:30  INFO 36812 --- [google-oauth2-sso-restapi] [restartedMain] org.hibernate.orm.core                   : HHH000001: Hibernate ORM core version 7.4.5.Final
2026-09-01T17:38:54.334+05:30  INFO 36812 --- [google-oauth2-sso-restapi] [restartedMain] o.s.o.j.p.SpringPersistenceUnitInfo      : No LoadTimeWeaver setup: ignoring JPA class transformer
2026-09-01T17:38:54.397+05:30  INFO 36812 --- [google-oauth2-sso-restapi] [restartedMain] com.zaxxer.hikari.HikariDataSource       : HikariPool-1 - Starting...
2026-09-01T17:38:56.175+05:30  INFO 36812 --- [google-oauth2-sso-restapi] [restartedMain] com.zaxxer.hikari.pool.HikariPool        : HikariPool-1 - Added connection oracle.jdbc.driver.T4CConnection@300374a
2026-09-01T17:38:56.182+05:30  INFO 36812 --- [google-oauth2-sso-restapi] [restartedMain] com.zaxxer.hikari.HikariDataSource       : HikariPool-1 - Start completed.
2026-09-01T17:38:57.307+05:30  WARN 36812 --- [google-oauth2-sso-restapi] [restartedMain] org.hibernate.orm.jdbc                   : HHH100123: Low default JDBC fetch size: 10 (consider setting 'hibernate.jdbc.fetch_size')
2026-09-01T17:38:57.337+05:30  INFO 36812 --- [google-oauth2-sso-restapi] [restartedMain] org.hibernate.orm.connections.pooling    : HHH10001005: Database info:
	Database JDBC URL [jdbc:oracle:thin:@localhost:1521:orcl]
	Database driver: Oracle JDBC driver
	Database dialect: OracleDialect
	Database version: 21.3
	Default catalog/schema: undefined/SUNITHA
	Autocommit mode: undefined/unknown
	Isolation level: READ_COMMITTED [default READ_COMMITTED]
	JDBC fetch size: 10
	Pool: DataSourceConnectionProvider
	Minimum pool size: undefined/unknown
	Maximum pool size: undefined/unknown
2026-09-01T17:39:00.644+05:30  INFO 36812 --- [google-oauth2-sso-restapi] [restartedMain] org.hibernate.orm.core                   : HHH000489: No JTA platform available (set 'hibernate.transaction.jta.platform' to enable JTA platform integration)
2026-09-01T17:39:01.761+05:30  INFO 36812 --- [google-oauth2-sso-restapi] [restartedMain] j.LocalContainerEntityManagerFactoryBean : Initialized JPA EntityManagerFactory for persistence unit 'default'
2026-09-01T17:39:02.153+05:30  INFO 36812 --- [google-oauth2-sso-restapi] [restartedMain] o.s.d.j.r.query.QueryEnhancerFactories   : Hibernate is in classpath; If applicable, HQL parser will be used.
2026-09-01T17:39:04.612+05:30  WARN 36812 --- [google-oauth2-sso-restapi] [restartedMain] JpaBaseConfiguration$JpaWebConfiguration : spring.jpa.open-in-view is enabled by default. Therefore, database queries may be performed during view rendering. Explicitly configure spring.jpa.open-in-view to disable this warning
2026-09-01T17:39:08.550+05:30  INFO 36812 --- [google-oauth2-sso-restapi] [restartedMain] o.s.boot.tomcat.TomcatWebServer          : Tomcat started on port 8080 (http) with context path '/'
2026-09-01T17:39:08.651+05:30  INFO 36812 --- [google-oauth2-sso-restapi] [restartedMain] c.f.GoogleOauth2SsoRestapiApplication    : Started GoogleOauth2SsoRestapiApplication in 20.215 seconds (process running for 21.176)
2026-09-01T17:39:08.881+05:30  INFO 36812 --- [google-oauth2-sso-restapi] [http-nio-8080-exec-1] o.a.c.c.C.[Tomcat].[localhost].[/]       : Initializing Spring DispatcherServlet 'dispatcherServlet'
2026-09-01T17:39:08.882+05:30  INFO 36812 --- [google-oauth2-sso-restapi] [http-nio-8080-exec-1] o.s.web.servlet.DispatcherServlet        : Initializing Servlet 'dispatcherServlet'
2026-09-01T17:39:08.887+05:30  INFO 36812 --- [google-oauth2-sso-restapi] [http-nio-8080-exec-1] o.s.web.servlet.DispatcherServlet        : Completed initialization in 4 ms
2026-09-01T17:39:09.361+05:30  INFO 36812 --- [google-oauth2-sso-restapi] [http-nio-8080-exec-1] com.fragma.service.AuthService           : Fetching enabled OAuth providers from database
2026-09-01T17:39:48.747+05:30  INFO 36812 --- [google-oauth2-sso-restapi] [http-nio-8080-exec-3] com.fragma.controller.AuthController     : OAuth login request received for provider: google
2026-09-01T17:39:48.860+05:30  INFO 36812 --- [google-oauth2-sso-restapi] [http-nio-8080-exec-3] com.fragma.controller.AuthController     : OAuth provider validated: google
2026-09-01T17:39:48.861+05:30  INFO 36812 --- [google-oauth2-sso-restapi] [http-nio-8080-exec-3] com.fragma.controller.AuthController     : Redirecting user to OAuth authorization endpoint
2026-09-01T17:39:58.278+05:30  INFO 36812 --- [google-oauth2-sso-restapi] [http-nio-8080-exec-4] com.fragma.controller.AuthController     : OAuth login request received for provider: google
2026-09-01T17:39:58.280+05:30  INFO 36812 --- [google-oauth2-sso-restapi] [http-nio-8080-exec-4] com.fragma.controller.AuthController     : OAuth provider validated: google
2026-09-01T17:39:58.281+05:30  INFO 36812 --- [google-oauth2-sso-restapi] [http-nio-8080-exec-4] com.fragma.controller.AuthController     : Redirecting user to OAuth authorization endpoint
2026-09-01T18:37:55.289+05:30  INFO 38152 --- [google-oauth2-sso-restapi] [restartedMain] c.f.GoogleOauth2SsoRestapiApplication    : Starting GoogleOauth2SsoRestapiApplication using Java 21.0.8 with PID 38152 (D:\AssignmentFragma\google-oauth2-sso-restapi\target\classes started by Sunitha in D:\AssignmentFragma\google-oauth2-sso-restapi)
2026-09-01T18:37:55.294+05:30 DEBUG 38152 --- [google-oauth2-sso-restapi] [restartedMain] c.f.GoogleOauth2SsoRestapiApplication    : Running with Spring Boot v4.1.1, Spring v7.0.9
2026-09-01T18:37:55.296+05:30  INFO 38152 --- [google-oauth2-sso-restapi] [restartedMain] c.f.GoogleOauth2SsoRestapiApplication    : No active profile set, falling back to 1 default profile: "default"
2026-09-01T18:37:55.442+05:30  INFO 38152 --- [google-oauth2-sso-restapi] [restartedMain] o.s.b.devtools.restart.ChangeableUrls    : The Class-Path manifest attribute in C:\Users\gugul\.m2\repository\com\oracle\database\jdbc\ojdbc17\23.26.3.0.0\ojdbc17-23.26.3.0.0.jar referenced one or more files that do not exist: file:/C:/Users/gugul/.m2/repository/com/oracle/database/jdbc/ojdbc17/23.26.3.0.0/oraclepki.jar
2026-09-01T18:37:55.471+05:30  INFO 38152 --- [google-oauth2-sso-restapi] [restartedMain] .e.DevToolsPropertyDefaultsPostProcessor : Devtools property defaults active! Set 'spring.devtools.add-properties' to 'false' to disable
2026-09-01T18:37:55.504+05:30  INFO 38152 --- [google-oauth2-sso-restapi] [restartedMain] .e.DevToolsPropertyDefaultsPostProcessor : For additional web related logging consider setting the 'logging.level.web' property to 'DEBUG'
2026-09-01T18:37:57.853+05:30  INFO 38152 --- [google-oauth2-sso-restapi] [restartedMain] .s.d.r.c.RepositoryConfigurationDelegate : Bootstrapping Spring Data JPA repositories in DEFAULT mode.
2026-09-01T18:37:58.004+05:30  INFO 38152 --- [google-oauth2-sso-restapi] [restartedMain] .s.d.r.c.RepositoryConfigurationDelegate : Finished Spring Data repository scanning in 119 ms. Found 2 JPA repository interfaces.
2026-09-01T18:38:04.420+05:30  INFO 38152 --- [google-oauth2-sso-restapi] [restartedMain] o.s.boot.tomcat.TomcatWebServer          : Tomcat initialized with port 8080 (http)
2026-09-01T18:38:04.853+05:30  INFO 38152 --- [google-oauth2-sso-restapi] [restartedMain] o.apache.catalina.core.StandardService   : Starting service [Tomcat]
2026-09-01T18:38:04.863+05:30  INFO 38152 --- [google-oauth2-sso-restapi] [restartedMain] o.apache.catalina.core.StandardEngine    : Starting Servlet engine: [Apache Tomcat/11.0.24]
2026-09-01T18:38:05.145+05:30  INFO 38152 --- [google-oauth2-sso-restapi] [restartedMain] b.w.c.s.WebApplicationContextInitializer : Root WebApplicationContext: initialization completed in 9632 ms
2026-09-01T18:38:10.962+05:30  INFO 38152 --- [google-oauth2-sso-restapi] [restartedMain] org.hibernate.orm.jpa                    : HHH008540: Processing PersistenceUnitInfo [name: default]
2026-09-01T18:38:11.084+05:30  INFO 38152 --- [google-oauth2-sso-restapi] [restartedMain] org.hibernate.orm.core                   : HHH000001: Hibernate ORM core version 7.4.5.Final
2026-09-01T18:38:14.280+05:30  INFO 38152 --- [google-oauth2-sso-restapi] [restartedMain] o.s.o.j.p.SpringPersistenceUnitInfo      : No LoadTimeWeaver setup: ignoring JPA class transformer
2026-09-01T18:38:14.519+05:30  INFO 38152 --- [google-oauth2-sso-restapi] [restartedMain] com.zaxxer.hikari.HikariDataSource       : HikariPool-1 - Starting...
2026-09-01T18:38:15.707+05:30  INFO 38152 --- [google-oauth2-sso-restapi] [restartedMain] com.zaxxer.hikari.pool.HikariPool        : HikariPool-1 - Added connection oracle.jdbc.driver.T4CConnection@1ba55647
2026-09-01T18:38:15.710+05:30  INFO 38152 --- [google-oauth2-sso-restapi] [restartedMain] com.zaxxer.hikari.HikariDataSource       : HikariPool-1 - Start completed.
2026-09-01T18:38:16.276+05:30  WARN 38152 --- [google-oauth2-sso-restapi] [restartedMain] org.hibernate.orm.jdbc                   : HHH100123: Low default JDBC fetch size: 10 (consider setting 'hibernate.jdbc.fetch_size')
2026-09-01T18:38:16.299+05:30  INFO 38152 --- [google-oauth2-sso-restapi] [restartedMain] org.hibernate.orm.connections.pooling    : HHH10001005: Database info:
	Database JDBC URL [jdbc:oracle:thin:@localhost:1521:orcl]
	Database driver: Oracle JDBC driver
	Database dialect: OracleDialect
	Database version: 21.3
	Default catalog/schema: undefined/SUNITHA
	Autocommit mode: undefined/unknown
	Isolation level: READ_COMMITTED [default READ_COMMITTED]
	JDBC fetch size: 10
	Pool: DataSourceConnectionProvider
	Minimum pool size: undefined/unknown
	Maximum pool size: undefined/unknown
2026-09-01T18:38:17.979+05:30  INFO 38152 --- [google-oauth2-sso-restapi] [restartedMain] org.hibernate.orm.core                   : HHH000489: No JTA platform available (set 'hibernate.transaction.jta.platform' to enable JTA platform integration)
2026-09-01T18:38:19.485+05:30  INFO 38152 --- [google-oauth2-sso-restapi] [restartedMain] j.LocalContainerEntityManagerFactoryBean : Initialized JPA EntityManagerFactory for persistence unit 'default'
2026-09-01T18:38:19.688+05:30  INFO 38152 --- [google-oauth2-sso-restapi] [restartedMain] o.s.d.j.r.query.QueryEnhancerFactories   : Hibernate is in classpath; If applicable, HQL parser will be used.
2026-09-01T18:38:20.846+05:30  WARN 38152 --- [google-oauth2-sso-restapi] [restartedMain] JpaBaseConfiguration$JpaWebConfiguration : spring.jpa.open-in-view is enabled by default. Therefore, database queries may be performed during view rendering. Explicitly configure spring.jpa.open-in-view to disable this warning
2026-09-01T18:38:24.725+05:30  INFO 38152 --- [google-oauth2-sso-restapi] [restartedMain] o.s.boot.tomcat.TomcatWebServer          : Tomcat started on port 8080 (http) with context path '/'
2026-09-01T18:38:24.760+05:30  INFO 38152 --- [google-oauth2-sso-restapi] [restartedMain] c.f.GoogleOauth2SsoRestapiApplication    : Started GoogleOauth2SsoRestapiApplication in 30.883 seconds (process running for 32.947)
2026-09-01T18:38:28.002+05:30  INFO 38152 --- [google-oauth2-sso-restapi] [http-nio-8080-exec-3] o.a.c.c.C.[Tomcat].[localhost].[/]       : Initializing Spring DispatcherServlet 'dispatcherServlet'
2026-09-01T18:38:28.006+05:30  INFO 38152 --- [google-oauth2-sso-restapi] [http-nio-8080-exec-3] o.s.web.servlet.DispatcherServlet        : Initializing Servlet 'dispatcherServlet'
2026-09-01T18:38:28.026+05:30  INFO 38152 --- [google-oauth2-sso-restapi] [http-nio-8080-exec-3] o.s.web.servlet.DispatcherServlet        : Completed initialization in 18 ms
2026-09-01T18:38:28.357+05:30  INFO 38152 --- [google-oauth2-sso-restapi] [http-nio-8080-exec-3] com.fragma.service.AuthService           : Fetching enabled OAuth providers from database
2026-09-01T18:45:38.443+05:30  INFO 43816 --- [google-oauth2-sso-restapi] [restartedMain] c.f.GoogleOauth2SsoRestapiApplication    : Starting GoogleOauth2SsoRestapiApplication using Java 21.0.8 with PID 43816 (D:\AssignmentFragma\google-oauth2-sso-restapi\target\classes started by Sunitha in D:\AssignmentFragma\google-oauth2-sso-restapi)
2026-09-01T18:45:38.449+05:30 DEBUG 43816 --- [google-oauth2-sso-restapi] [restartedMain] c.f.GoogleOauth2SsoRestapiApplication    : Running with Spring Boot v4.1.1, Spring v7.0.9
2026-09-01T18:45:38.451+05:30  INFO 43816 --- [google-oauth2-sso-restapi] [restartedMain] c.f.GoogleOauth2SsoRestapiApplication    : No active profile set, falling back to 1 default profile: "default"
2026-09-01T18:45:38.577+05:30  INFO 43816 --- [google-oauth2-sso-restapi] [restartedMain] o.s.b.devtools.restart.ChangeableUrls    : The Class-Path manifest attribute in C:\Users\gugul\.m2\repository\com\oracle\database\jdbc\ojdbc17\23.26.3.0.0\ojdbc17-23.26.3.0.0.jar referenced one or more files that do not exist: file:/C:/Users/gugul/.m2/repository/com/oracle/database/jdbc/ojdbc17/23.26.3.0.0/oraclepki.jar
2026-09-01T18:45:38.577+05:30  INFO 43816 --- [google-oauth2-sso-restapi] [restartedMain] .e.DevToolsPropertyDefaultsPostProcessor : Devtools property defaults active! Set 'spring.devtools.add-properties' to 'false' to disable
2026-09-01T18:45:38.579+05:30  INFO 43816 --- [google-oauth2-sso-restapi] [restartedMain] .e.DevToolsPropertyDefaultsPostProcessor : For additional web related logging consider setting the 'logging.level.web' property to 'DEBUG'
2026-09-01T18:45:40.299+05:30  INFO 43816 --- [google-oauth2-sso-restapi] [restartedMain] .s.d.r.c.RepositoryConfigurationDelegate : Bootstrapping Spring Data JPA repositories in DEFAULT mode.
2026-09-01T18:45:40.454+05:30  INFO 43816 --- [google-oauth2-sso-restapi] [restartedMain] .s.d.r.c.RepositoryConfigurationDelegate : Finished Spring Data repository scanning in 131 ms. Found 2 JPA repository interfaces.
2026-09-01T18:45:42.065+05:30  INFO 43816 --- [google-oauth2-sso-restapi] [restartedMain] o.s.boot.tomcat.TomcatWebServer          : Tomcat initialized with port 8080 (http)
2026-09-01T18:45:42.100+05:30  INFO 43816 --- [google-oauth2-sso-restapi] [restartedMain] o.apache.catalina.core.StandardService   : Starting service [Tomcat]
2026-09-01T18:45:42.101+05:30  INFO 43816 --- [google-oauth2-sso-restapi] [restartedMain] o.apache.catalina.core.StandardEngine    : Starting Servlet engine: [Apache Tomcat/11.0.24]
2026-09-01T18:45:42.202+05:30  INFO 43816 --- [google-oauth2-sso-restapi] [restartedMain] b.w.c.s.WebApplicationContextInitializer : Root WebApplicationContext: initialization completed in 3622 ms
2026-09-01T18:45:42.897+05:30  INFO 43816 --- [google-oauth2-sso-restapi] [restartedMain] org.hibernate.orm.jpa                    : HHH008540: Processing PersistenceUnitInfo [name: default]
2026-09-01T18:45:43.014+05:30  INFO 43816 --- [google-oauth2-sso-restapi] [restartedMain] org.hibernate.orm.core                   : HHH000001: Hibernate ORM core version 7.4.5.Final
2026-09-01T18:45:43.841+05:30  INFO 43816 --- [google-oauth2-sso-restapi] [restartedMain] o.s.o.j.p.SpringPersistenceUnitInfo      : No LoadTimeWeaver setup: ignoring JPA class transformer
2026-09-01T18:45:43.916+05:30  INFO 43816 --- [google-oauth2-sso-restapi] [restartedMain] com.zaxxer.hikari.HikariDataSource       : HikariPool-1 - Starting...
2026-09-01T18:45:44.709+05:30  INFO 43816 --- [google-oauth2-sso-restapi] [restartedMain] com.zaxxer.hikari.pool.HikariPool        : HikariPool-1 - Added connection oracle.jdbc.driver.T4CConnection@4300130f
2026-09-01T18:45:44.714+05:30  INFO 43816 --- [google-oauth2-sso-restapi] [restartedMain] com.zaxxer.hikari.HikariDataSource       : HikariPool-1 - Start completed.
2026-09-01T18:45:45.238+05:30  WARN 43816 --- [google-oauth2-sso-restapi] [restartedMain] org.hibernate.orm.jdbc                   : HHH100123: Low default JDBC fetch size: 10 (consider setting 'hibernate.jdbc.fetch_size')
2026-09-01T18:45:45.255+05:30  INFO 43816 --- [google-oauth2-sso-restapi] [restartedMain] org.hibernate.orm.connections.pooling    : HHH10001005: Database info:
	Database JDBC URL [jdbc:oracle:thin:@localhost:1521:orcl]
	Database driver: Oracle JDBC driver
	Database dialect: OracleDialect
	Database version: 21.3
	Default catalog/schema: undefined/SUNITHA
	Autocommit mode: undefined/unknown
	Isolation level: READ_COMMITTED [default READ_COMMITTED]
	JDBC fetch size: 10
	Pool: DataSourceConnectionProvider
	Minimum pool size: undefined/unknown
	Maximum pool size: undefined/unknown
2026-09-01T18:45:46.944+05:30  INFO 43816 --- [google-oauth2-sso-restapi] [restartedMain] org.hibernate.orm.core                   : HHH000489: No JTA platform available (set 'hibernate.transaction.jta.platform' to enable JTA platform integration)
2026-09-01T18:45:47.543+05:30  INFO 43816 --- [google-oauth2-sso-restapi] [restartedMain] j.LocalContainerEntityManagerFactoryBean : Initialized JPA EntityManagerFactory for persistence unit 'default'
2026-09-01T18:45:47.747+05:30  INFO 43816 --- [google-oauth2-sso-restapi] [restartedMain] o.s.d.j.r.query.QueryEnhancerFactories   : Hibernate is in classpath; If applicable, HQL parser will be used.
2026-09-01T18:45:48.752+05:30  WARN 43816 --- [google-oauth2-sso-restapi] [restartedMain] JpaBaseConfiguration$JpaWebConfiguration : spring.jpa.open-in-view is enabled by default. Therefore, database queries may be performed during view rendering. Explicitly configure spring.jpa.open-in-view to disable this warning
2026-09-01T18:45:50.148+05:30  INFO 43816 --- [google-oauth2-sso-restapi] [restartedMain] o.s.boot.tomcat.TomcatWebServer          : Tomcat started on port 8080 (http) with context path '/'
2026-09-01T18:45:50.166+05:30  INFO 43816 --- [google-oauth2-sso-restapi] [restartedMain] c.f.GoogleOauth2SsoRestapiApplication    : Started GoogleOauth2SsoRestapiApplication in 12.714 seconds (process running for 13.861)
2026-09-01T18:45:58.717+05:30  INFO 43816 --- [google-oauth2-sso-restapi] [http-nio-8080-exec-1] o.a.c.c.C.[Tomcat].[localhost].[/]       : Initializing Spring DispatcherServlet 'dispatcherServlet'
2026-09-01T18:45:58.721+05:30  INFO 43816 --- [google-oauth2-sso-restapi] [http-nio-8080-exec-1] o.s.web.servlet.DispatcherServlet        : Initializing Servlet 'dispatcherServlet'
2026-09-01T18:45:58.731+05:30  INFO 43816 --- [google-oauth2-sso-restapi] [http-nio-8080-exec-1] o.s.web.servlet.DispatcherServlet        : Completed initialization in 10 ms
2026-09-01T18:45:58.994+05:30  INFO 43816 --- [google-oauth2-sso-restapi] [http-nio-8080-exec-1] com.fragma.service.AuthService           : Fetching enabled OAuth providers from database
2026-09-01T18:46:03.968+05:30  INFO 43816 --- [google-oauth2-sso-restapi] [http-nio-8080-exec-2] com.fragma.controller.AuthController     : OAuth login request received for provider: google
2026-09-01T18:46:04.104+05:30  INFO 43816 --- [google-oauth2-sso-restapi] [http-nio-8080-exec-2] com.fragma.controller.AuthController     : OAuth provider validated: google
2026-09-01T18:46:04.106+05:30  INFO 43816 --- [google-oauth2-sso-restapi] [http-nio-8080-exec-2] com.fragma.controller.AuthController     : Redirecting user to OAuth authorization endpoint
2026-09-01T18:52:46.342+05:30  INFO 26732 --- [google-oauth2-sso-restapi] [restartedMain] c.f.GoogleOauth2SsoRestapiApplication    : Starting GoogleOauth2SsoRestapiApplication using Java 21.0.8 with PID 26732 (D:\AssignmentFragma\google-oauth2-sso-restapi\target\classes started by Sunitha in D:\AssignmentFragma\google-oauth2-sso-restapi)
2026-09-01T18:52:46.351+05:30 DEBUG 26732 --- [google-oauth2-sso-restapi] [restartedMain] c.f.GoogleOauth2SsoRestapiApplication    : Running with Spring Boot v4.1.1, Spring v7.0.9
2026-09-01T18:52:46.355+05:30  INFO 26732 --- [google-oauth2-sso-restapi] [restartedMain] c.f.GoogleOauth2SsoRestapiApplication    : No active profile set, falling back to 1 default profile: "default"
2026-09-01T18:52:46.625+05:30  INFO 26732 --- [google-oauth2-sso-restapi] [restartedMain] o.s.b.devtools.restart.ChangeableUrls    : The Class-Path manifest attribute in C:\Users\gugul\.m2\repository\com\oracle\database\jdbc\ojdbc17\23.26.3.0.0\ojdbc17-23.26.3.0.0.jar referenced one or more files that do not exist: file:/C:/Users/gugul/.m2/repository/com/oracle/database/jdbc/ojdbc17/23.26.3.0.0/oraclepki.jar
2026-09-01T18:52:46.626+05:30  INFO 26732 --- [google-oauth2-sso-restapi] [restartedMain] .e.DevToolsPropertyDefaultsPostProcessor : Devtools property defaults active! Set 'spring.devtools.add-properties' to 'false' to disable
2026-09-01T18:52:46.633+05:30  INFO 26732 --- [google-oauth2-sso-restapi] [restartedMain] .e.DevToolsPropertyDefaultsPostProcessor : For additional web related logging consider setting the 'logging.level.web' property to 'DEBUG'
2026-09-01T18:52:48.179+05:30  INFO 26732 --- [google-oauth2-sso-restapi] [restartedMain] .s.d.r.c.RepositoryConfigurationDelegate : Bootstrapping Spring Data JPA repositories in DEFAULT mode.
2026-09-01T18:52:48.267+05:30  INFO 26732 --- [google-oauth2-sso-restapi] [restartedMain] .s.d.r.c.RepositoryConfigurationDelegate : Finished Spring Data repository scanning in 76 ms. Found 2 JPA repository interfaces.
2026-09-01T18:52:49.697+05:30  INFO 26732 --- [google-oauth2-sso-restapi] [restartedMain] o.s.boot.tomcat.TomcatWebServer          : Tomcat initialized with port 8080 (http)
2026-09-01T18:52:49.734+05:30  INFO 26732 --- [google-oauth2-sso-restapi] [restartedMain] o.apache.catalina.core.StandardService   : Starting service [Tomcat]
2026-09-01T18:52:49.736+05:30  INFO 26732 --- [google-oauth2-sso-restapi] [restartedMain] o.apache.catalina.core.StandardEngine    : Starting Servlet engine: [Apache Tomcat/11.0.24]
2026-09-01T18:52:49.829+05:30  INFO 26732 --- [google-oauth2-sso-restapi] [restartedMain] b.w.c.s.WebApplicationContextInitializer : Root WebApplicationContext: initialization completed in 3195 ms
2026-09-01T18:52:50.568+05:30  INFO 26732 --- [google-oauth2-sso-restapi] [restartedMain] org.hibernate.orm.jpa                    : HHH008540: Processing PersistenceUnitInfo [name: default]
2026-09-01T18:52:50.682+05:30  INFO 26732 --- [google-oauth2-sso-restapi] [restartedMain] org.hibernate.orm.core                   : HHH000001: Hibernate ORM core version 7.4.5.Final
2026-09-01T18:52:51.453+05:30  INFO 26732 --- [google-oauth2-sso-restapi] [restartedMain] o.s.o.j.p.SpringPersistenceUnitInfo      : No LoadTimeWeaver setup: ignoring JPA class transformer
2026-09-01T18:52:51.515+05:30  INFO 26732 --- [google-oauth2-sso-restapi] [restartedMain] com.zaxxer.hikari.HikariDataSource       : HikariPool-1 - Starting...
2026-09-01T18:52:52.406+05:30  INFO 26732 --- [google-oauth2-sso-restapi] [restartedMain] com.zaxxer.hikari.pool.HikariPool        : HikariPool-1 - Added connection oracle.jdbc.driver.T4CConnection@2aa129eb
2026-09-01T18:52:52.411+05:30  INFO 26732 --- [google-oauth2-sso-restapi] [restartedMain] com.zaxxer.hikari.HikariDataSource       : HikariPool-1 - Start completed.
2026-09-01T18:52:52.827+05:30  WARN 26732 --- [google-oauth2-sso-restapi] [restartedMain] org.hibernate.orm.jdbc                   : HHH100123: Low default JDBC fetch size: 10 (consider setting 'hibernate.jdbc.fetch_size')
2026-09-01T18:52:52.846+05:30  INFO 26732 --- [google-oauth2-sso-restapi] [restartedMain] org.hibernate.orm.connections.pooling    : HHH10001005: Database info:
	Database JDBC URL [jdbc:oracle:thin:@localhost:1521:orcl]
	Database driver: Oracle JDBC driver
	Database dialect: OracleDialect
	Database version: 21.3
	Default catalog/schema: undefined/SUNITHA
	Autocommit mode: undefined/unknown
	Isolation level: READ_COMMITTED [default READ_COMMITTED]
	JDBC fetch size: 10
	Pool: DataSourceConnectionProvider
	Minimum pool size: undefined/unknown
	Maximum pool size: undefined/unknown
2026-09-01T18:52:54.355+05:30  INFO 26732 --- [google-oauth2-sso-restapi] [restartedMain] org.hibernate.orm.core                   : HHH000489: No JTA platform available (set 'hibernate.transaction.jta.platform' to enable JTA platform integration)
2026-09-01T18:52:55.107+05:30  INFO 26732 --- [google-oauth2-sso-restapi] [restartedMain] j.LocalContainerEntityManagerFactoryBean : Initialized JPA EntityManagerFactory for persistence unit 'default'
2026-09-01T18:52:55.275+05:30  INFO 26732 --- [google-oauth2-sso-restapi] [restartedMain] o.s.d.j.r.query.QueryEnhancerFactories   : Hibernate is in classpath; If applicable, HQL parser will be used.
2026-09-01T18:52:56.219+05:30  WARN 26732 --- [google-oauth2-sso-restapi] [restartedMain] JpaBaseConfiguration$JpaWebConfiguration : spring.jpa.open-in-view is enabled by default. Therefore, database queries may be performed during view rendering. Explicitly configure spring.jpa.open-in-view to disable this warning
2026-09-01T18:52:57.695+05:30  INFO 26732 --- [google-oauth2-sso-restapi] [restartedMain] o.s.boot.tomcat.TomcatWebServer          : Tomcat started on port 8080 (http) with context path '/'
2026-09-01T18:52:57.841+05:30  INFO 26732 --- [google-oauth2-sso-restapi] [restartedMain] c.f.GoogleOauth2SsoRestapiApplication    : Started GoogleOauth2SsoRestapiApplication in 12.508 seconds (process running for 13.534)
2026-09-01T18:53:21.550+05:30  INFO 26732 --- [google-oauth2-sso-restapi] [http-nio-8080-exec-1] o.a.c.c.C.[Tomcat].[localhost].[/]       : Initializing Spring DispatcherServlet 'dispatcherServlet'
2026-09-01T18:53:21.550+05:30  INFO 26732 --- [google-oauth2-sso-restapi] [http-nio-8080-exec-1] o.s.web.servlet.DispatcherServlet        : Initializing Servlet 'dispatcherServlet'
2026-09-01T18:53:21.570+05:30  INFO 26732 --- [google-oauth2-sso-restapi] [http-nio-8080-exec-1] o.s.web.servlet.DispatcherServlet        : Completed initialization in 18 ms
2026-09-01T18:53:22.051+05:30  INFO 26732 --- [google-oauth2-sso-restapi] [http-nio-8080-exec-1] com.fragma.service.AuthService           : Fetching enabled OAuth providers from database
2026-09-01T18:53:24.331+05:30  INFO 26732 --- [google-oauth2-sso-restapi] [http-nio-8080-exec-2] com.fragma.service.AuthService           : Fetching enabled OAuth providers from database
2026-09-01T18:53:26.850+05:30  INFO 26732 --- [google-oauth2-sso-restapi] [http-nio-8080-exec-3] com.fragma.controller.AuthController     : OAuth login request received for provider: google
2026-09-01T18:53:26.969+05:30  INFO 26732 --- [google-oauth2-sso-restapi] [http-nio-8080-exec-3] com.fragma.controller.AuthController     : OAuth provider validated: google
2026-09-01T18:53:26.971+05:30  INFO 26732 --- [google-oauth2-sso-restapi] [http-nio-8080-exec-3] com.fragma.controller.AuthController     : Redirecting user to OAuth authorization endpoint
2026-09-01T18:54:27.335+05:30  INFO 47664 --- [google-oauth2-sso-restapi] [restartedMain] c.f.GoogleOauth2SsoRestapiApplication    : Starting GoogleOauth2SsoRestapiApplication using Java 21.0.8 with PID 47664 (D:\AssignmentFragma\google-oauth2-sso-restapi\target\classes started by Sunitha in D:\AssignmentFragma\google-oauth2-sso-restapi)
2026-09-01T18:54:27.349+05:30 DEBUG 47664 --- [google-oauth2-sso-restapi] [restartedMain] c.f.GoogleOauth2SsoRestapiApplication    : Running with Spring Boot v4.1.1, Spring v7.0.9
2026-09-01T18:54:27.353+05:30  INFO 47664 --- [google-oauth2-sso-restapi] [restartedMain] c.f.GoogleOauth2SsoRestapiApplication    : No active profile set, falling back to 1 default profile: "default"
2026-09-01T18:54:27.465+05:30  INFO 47664 --- [google-oauth2-sso-restapi] [restartedMain] o.s.b.devtools.restart.ChangeableUrls    : The Class-Path manifest attribute in C:\Users\gugul\.m2\repository\com\oracle\database\jdbc\ojdbc17\23.26.3.0.0\ojdbc17-23.26.3.0.0.jar referenced one or more files that do not exist: file:/C:/Users/gugul/.m2/repository/com/oracle/database/jdbc/ojdbc17/23.26.3.0.0/oraclepki.jar
2026-09-01T18:54:27.467+05:30  INFO 47664 --- [google-oauth2-sso-restapi] [restartedMain] .e.DevToolsPropertyDefaultsPostProcessor : Devtools property defaults active! Set 'spring.devtools.add-properties' to 'false' to disable
2026-09-01T18:54:27.474+05:30  INFO 47664 --- [google-oauth2-sso-restapi] [restartedMain] .e.DevToolsPropertyDefaultsPostProcessor : For additional web related logging consider setting the 'logging.level.web' property to 'DEBUG'
2026-09-01T18:54:29.069+05:30  INFO 47664 --- [google-oauth2-sso-restapi] [restartedMain] .s.d.r.c.RepositoryConfigurationDelegate : Bootstrapping Spring Data JPA repositories in DEFAULT mode.
2026-09-01T18:54:29.170+05:30  INFO 47664 --- [google-oauth2-sso-restapi] [restartedMain] .s.d.r.c.RepositoryConfigurationDelegate : Finished Spring Data repository scanning in 88 ms. Found 2 JPA repository interfaces.
2026-09-01T18:54:30.750+05:30  INFO 47664 --- [google-oauth2-sso-restapi] [restartedMain] o.s.boot.tomcat.TomcatWebServer          : Tomcat initialized with port 8080 (http)
2026-09-01T18:54:30.785+05:30  INFO 47664 --- [google-oauth2-sso-restapi] [restartedMain] o.apache.catalina.core.StandardService   : Starting service [Tomcat]
2026-09-01T18:54:30.788+05:30  INFO 47664 --- [google-oauth2-sso-restapi] [restartedMain] o.apache.catalina.core.StandardEngine    : Starting Servlet engine: [Apache Tomcat/11.0.24]
2026-09-01T18:54:30.898+05:30  INFO 47664 --- [google-oauth2-sso-restapi] [restartedMain] b.w.c.s.WebApplicationContextInitializer : Root WebApplicationContext: initialization completed in 3420 ms
2026-09-01T18:54:31.635+05:30  INFO 47664 --- [google-oauth2-sso-restapi] [restartedMain] org.hibernate.orm.jpa                    : HHH008540: Processing PersistenceUnitInfo [name: default]
2026-09-01T18:54:31.743+05:30  INFO 47664 --- [google-oauth2-sso-restapi] [restartedMain] org.hibernate.orm.core                   : HHH000001: Hibernate ORM core version 7.4.5.Final
2026-09-01T18:54:32.868+05:30  INFO 47664 --- [google-oauth2-sso-restapi] [restartedMain] o.s.o.j.p.SpringPersistenceUnitInfo      : No LoadTimeWeaver setup: ignoring JPA class transformer
2026-09-01T18:54:32.970+05:30  INFO 47664 --- [google-oauth2-sso-restapi] [restartedMain] com.zaxxer.hikari.HikariDataSource       : HikariPool-1 - Starting...
2026-09-01T18:54:34.825+05:30  INFO 47664 --- [google-oauth2-sso-restapi] [restartedMain] com.zaxxer.hikari.pool.HikariPool        : HikariPool-1 - Added connection oracle.jdbc.driver.T4CConnection@4300130f
2026-09-01T18:54:34.842+05:30  INFO 47664 --- [google-oauth2-sso-restapi] [restartedMain] com.zaxxer.hikari.HikariDataSource       : HikariPool-1 - Start completed.
2026-09-01T18:54:36.929+05:30  WARN 47664 --- [google-oauth2-sso-restapi] [restartedMain] org.hibernate.orm.jdbc                   : HHH100123: Low default JDBC fetch size: 10 (consider setting 'hibernate.jdbc.fetch_size')
2026-09-01T18:54:36.976+05:30  INFO 47664 --- [google-oauth2-sso-restapi] [restartedMain] org.hibernate.orm.connections.pooling    : HHH10001005: Database info:
	Database JDBC URL [jdbc:oracle:thin:@localhost:1521:orcl]
	Database driver: Oracle JDBC driver
	Database dialect: OracleDialect
	Database version: 21.3
	Default catalog/schema: undefined/SUNITHA
	Autocommit mode: undefined/unknown
	Isolation level: READ_COMMITTED [default READ_COMMITTED]
	JDBC fetch size: 10
	Pool: DataSourceConnectionProvider
	Minimum pool size: undefined/unknown
	Maximum pool size: undefined/unknown
2026-09-01T18:54:40.211+05:30  INFO 47664 --- [google-oauth2-sso-restapi] [restartedMain] org.hibernate.orm.core                   : HHH000489: No JTA platform available (set 'hibernate.transaction.jta.platform' to enable JTA platform integration)
2026-09-01T18:54:40.959+05:30  INFO 47664 --- [google-oauth2-sso-restapi] [restartedMain] j.LocalContainerEntityManagerFactoryBean : Initialized JPA EntityManagerFactory for persistence unit 'default'
2026-09-01T18:54:41.163+05:30  INFO 47664 --- [google-oauth2-sso-restapi] [restartedMain] o.s.d.j.r.query.QueryEnhancerFactories   : Hibernate is in classpath; If applicable, HQL parser will be used.
2026-09-01T18:54:42.120+05:30  WARN 47664 --- [google-oauth2-sso-restapi] [restartedMain] JpaBaseConfiguration$JpaWebConfiguration : spring.jpa.open-in-view is enabled by default. Therefore, database queries may be performed during view rendering. Explicitly configure spring.jpa.open-in-view to disable this warning
2026-09-01T18:54:43.373+05:30  INFO 47664 --- [google-oauth2-sso-restapi] [restartedMain] o.s.boot.tomcat.TomcatWebServer          : Tomcat started on port 8080 (http) with context path '/'
2026-09-01T18:54:43.386+05:30  INFO 47664 --- [google-oauth2-sso-restapi] [restartedMain] c.f.GoogleOauth2SsoRestapiApplication    : Started GoogleOauth2SsoRestapiApplication in 16.942 seconds (process running for 17.937)
2026-09-01T18:54:48.432+05:30  INFO 47664 --- [google-oauth2-sso-restapi] [http-nio-8080-exec-1] o.a.c.c.C.[Tomcat].[localhost].[/]       : Initializing Spring DispatcherServlet 'dispatcherServlet'
2026-09-01T18:54:48.434+05:30  INFO 47664 --- [google-oauth2-sso-restapi] [http-nio-8080-exec-1] o.s.web.servlet.DispatcherServlet        : Initializing Servlet 'dispatcherServlet'
2026-09-01T18:54:48.444+05:30  INFO 47664 --- [google-oauth2-sso-restapi] [http-nio-8080-exec-1] o.s.web.servlet.DispatcherServlet        : Completed initialization in 8 ms
2026-09-01T18:54:48.735+05:30  INFO 47664 --- [google-oauth2-sso-restapi] [http-nio-8080-exec-1] com.fragma.service.AuthService           : Fetching enabled OAuth providers from database
2026-09-01T18:54:52.807+05:30  INFO 47664 --- [google-oauth2-sso-restapi] [http-nio-8080-exec-2] com.fragma.controller.AuthController     : OAuth login request received for provider: google
2026-09-01T18:54:52.924+05:30  INFO 47664 --- [google-oauth2-sso-restapi] [http-nio-8080-exec-2] com.fragma.controller.AuthController     : OAuth provider validated: google
2026-09-01T18:54:52.924+05:30  INFO 47664 --- [google-oauth2-sso-restapi] [http-nio-8080-exec-2] com.fragma.controller.AuthController     : Redirecting user to OAuth authorization endpoint
2026-09-01T18:55:01.561+05:30  INFO 47664 --- [google-oauth2-sso-restapi] [http-nio-8080-exec-3] com.fragma.config.OAuth2SuccessHandler   : OAuth authentication successful
2026-09-01T18:55:01.567+05:30  INFO 47664 --- [google-oauth2-sso-restapi] [http-nio-8080-exec-3] com.fragma.config.OAuth2SuccessHandler   : OAuth provider authentication completed: google
2026-09-01T18:55:01.568+05:30  INFO 47664 --- [google-oauth2-sso-restapi] [http-nio-8080-exec-3] com.fragma.config.OAuth2SuccessHandler   : Checking whether OAuth user is already registered or not
2026-09-01T18:55:01.569+05:30 DEBUG 47664 --- [google-oauth2-sso-restapi] [http-nio-8080-exec-3] com.fragma.service.AuthService           : Checking whether user already exists
2026-09-01T18:55:02.106+05:30  INFO 47664 --- [google-oauth2-sso-restapi] [http-nio-8080-exec-3] com.fragma.service.AuthService           : User does not exist
2026-09-01T18:55:02.106+05:30  INFO 47664 --- [google-oauth2-sso-restapi] [http-nio-8080-exec-3] com.fragma.config.OAuth2SuccessHandler   : New OAuth user detected. Redirecting to registration page
2026-09-01T18:55:02.434+05:30  INFO 47664 --- [google-oauth2-sso-restapi] [http-nio-8080-exec-5] com.fragma.controller.AuthController     : Fetching OAuth registration data
2026-09-01T18:55:06.413+05:30  INFO 47664 --- [google-oauth2-sso-restapi] [http-nio-8080-exec-7] com.fragma.controller.AuthController     : User registration request received
2026-09-01T18:55:06.415+05:30  INFO 47664 --- [google-oauth2-sso-restapi] [http-nio-8080-exec-7] com.fragma.controller.AuthController     : Creating user account from OAuth profile
2026-09-01T18:55:06.429+05:30  INFO 47664 --- [google-oauth2-sso-restapi] [http-nio-8080-exec-7] com.fragma.service.AuthService           : Starting user registration
2026-09-01T18:55:07.439+05:30  INFO 47664 --- [google-oauth2-sso-restapi] [http-nio-8080-exec-7] com.fragma.service.AuthService           : User registration completed successfully
2026-09-01T18:55:07.599+05:30  INFO 47664 --- [google-oauth2-sso-restapi] [http-nio-8080-exec-8] com.fragma.controller.AuthController     : Profile request received
2026-09-01T18:55:07.601+05:30 DEBUG 47664 --- [google-oauth2-sso-restapi] [http-nio-8080-exec-8] com.fragma.controller.AuthController     : Fetching profile for authenticated user
2026-09-01T18:55:07.608+05:30  INFO 47664 --- [google-oauth2-sso-restapi] [http-nio-8080-exec-8] com.fragma.service.AuthService           : Searching for user profile
2026-09-01T18:55:10.047+05:30  INFO 47664 --- [google-oauth2-sso-restapi] [http-nio-8080-exec-1] com.fragma.controller.AuthController     : OAuth login request received for provider: azure
2026-09-01T18:55:10.067+05:30  INFO 47664 --- [google-oauth2-sso-restapi] [http-nio-8080-exec-1] com.fragma.controller.AuthController     : OAuth provider validated: azure
2026-09-01T18:55:10.069+05:30  INFO 47664 --- [google-oauth2-sso-restapi] [http-nio-8080-exec-1] com.fragma.controller.AuthController     : Redirecting user to OAuth authorization endpoint
2026-09-01T18:57:58.672+05:30  INFO 13324 --- [google-oauth2-sso-restapi] [restartedMain] c.f.GoogleOauth2SsoRestapiApplication    : Starting GoogleOauth2SsoRestapiApplication using Java 21.0.8 with PID 13324 (D:\AssignmentFragma\google-oauth2-sso-restapi\target\classes started by Sunitha in D:\AssignmentFragma\google-oauth2-sso-restapi)
2026-09-01T18:57:58.677+05:30 DEBUG 13324 --- [google-oauth2-sso-restapi] [restartedMain] c.f.GoogleOauth2SsoRestapiApplication    : Running with Spring Boot v4.1.1, Spring v7.0.9
2026-09-01T18:57:58.683+05:30  INFO 13324 --- [google-oauth2-sso-restapi] [restartedMain] c.f.GoogleOauth2SsoRestapiApplication    : No active profile set, falling back to 1 default profile: "default"
2026-09-01T18:57:58.825+05:30  INFO 13324 --- [google-oauth2-sso-restapi] [restartedMain] o.s.b.devtools.restart.ChangeableUrls    : The Class-Path manifest attribute in C:\Users\gugul\.m2\repository\com\oracle\database\jdbc\ojdbc17\23.26.3.0.0\ojdbc17-23.26.3.0.0.jar referenced one or more files that do not exist: file:/C:/Users/gugul/.m2/repository/com/oracle/database/jdbc/ojdbc17/23.26.3.0.0/oraclepki.jar
2026-09-01T18:57:58.826+05:30  INFO 13324 --- [google-oauth2-sso-restapi] [restartedMain] .e.DevToolsPropertyDefaultsPostProcessor : Devtools property defaults active! Set 'spring.devtools.add-properties' to 'false' to disable
2026-09-01T18:57:58.832+05:30  INFO 13324 --- [google-oauth2-sso-restapi] [restartedMain] .e.DevToolsPropertyDefaultsPostProcessor : For additional web related logging consider setting the 'logging.level.web' property to 'DEBUG'
2026-09-01T18:58:00.406+05:30  INFO 13324 --- [google-oauth2-sso-restapi] [restartedMain] .s.d.r.c.RepositoryConfigurationDelegate : Bootstrapping Spring Data JPA repositories in DEFAULT mode.
2026-09-01T18:58:00.505+05:30  INFO 13324 --- [google-oauth2-sso-restapi] [restartedMain] .s.d.r.c.RepositoryConfigurationDelegate : Finished Spring Data repository scanning in 89 ms. Found 2 JPA repository interfaces.
2026-09-01T18:58:02.090+05:30  INFO 13324 --- [google-oauth2-sso-restapi] [restartedMain] o.s.boot.tomcat.TomcatWebServer          : Tomcat initialized with port 8080 (http)
2026-09-01T18:58:02.127+05:30  INFO 13324 --- [google-oauth2-sso-restapi] [restartedMain] o.apache.catalina.core.StandardService   : Starting service [Tomcat]
2026-09-01T18:58:02.131+05:30  INFO 13324 --- [google-oauth2-sso-restapi] [restartedMain] o.apache.catalina.core.StandardEngine    : Starting Servlet engine: [Apache Tomcat/11.0.24]
2026-09-01T18:58:02.234+05:30  INFO 13324 --- [google-oauth2-sso-restapi] [restartedMain] b.w.c.s.WebApplicationContextInitializer : Root WebApplicationContext: initialization completed in 3399 ms
2026-09-01T18:58:03.033+05:30  INFO 13324 --- [google-oauth2-sso-restapi] [restartedMain] org.hibernate.orm.jpa                    : HHH008540: Processing PersistenceUnitInfo [name: default]
2026-09-01T18:58:03.128+05:30  INFO 13324 --- [google-oauth2-sso-restapi] [restartedMain] org.hibernate.orm.core                   : HHH000001: Hibernate ORM core version 7.4.5.Final
2026-09-01T18:58:03.970+05:30  INFO 13324 --- [google-oauth2-sso-restapi] [restartedMain] o.s.o.j.p.SpringPersistenceUnitInfo      : No LoadTimeWeaver setup: ignoring JPA class transformer
2026-09-01T18:58:04.030+05:30  INFO 13324 --- [google-oauth2-sso-restapi] [restartedMain] com.zaxxer.hikari.HikariDataSource       : HikariPool-1 - Starting...
2026-09-01T18:58:04.788+05:30  INFO 13324 --- [google-oauth2-sso-restapi] [restartedMain] com.zaxxer.hikari.pool.HikariPool        : HikariPool-1 - Added connection oracle.jdbc.driver.T4CConnection@300374a
2026-09-01T18:58:04.791+05:30  INFO 13324 --- [google-oauth2-sso-restapi] [restartedMain] com.zaxxer.hikari.HikariDataSource       : HikariPool-1 - Start completed.
2026-09-01T18:58:05.285+05:30  WARN 13324 --- [google-oauth2-sso-restapi] [restartedMain] org.hibernate.orm.jdbc                   : HHH100123: Low default JDBC fetch size: 10 (consider setting 'hibernate.jdbc.fetch_size')
2026-09-01T18:58:05.306+05:30  INFO 13324 --- [google-oauth2-sso-restapi] [restartedMain] org.hibernate.orm.connections.pooling    : HHH10001005: Database info:
	Database JDBC URL [jdbc:oracle:thin:@localhost:1521:orcl]
	Database driver: Oracle JDBC driver
	Database dialect: OracleDialect
	Database version: 21.3
	Default catalog/schema: undefined/SUNITHA
	Autocommit mode: undefined/unknown
	Isolation level: READ_COMMITTED [default READ_COMMITTED]
	JDBC fetch size: 10
	Pool: DataSourceConnectionProvider
	Minimum pool size: undefined/unknown
	Maximum pool size: undefined/unknown
2026-09-01T18:58:06.986+05:30  INFO 13324 --- [google-oauth2-sso-restapi] [restartedMain] org.hibernate.orm.core                   : HHH000489: No JTA platform available (set 'hibernate.transaction.jta.platform' to enable JTA platform integration)
2026-09-01T18:58:07.628+05:30  INFO 13324 --- [google-oauth2-sso-restapi] [restartedMain] j.LocalContainerEntityManagerFactoryBean : Initialized JPA EntityManagerFactory for persistence unit 'default'
2026-09-01T18:58:07.844+05:30  INFO 13324 --- [google-oauth2-sso-restapi] [restartedMain] o.s.d.j.r.query.QueryEnhancerFactories   : Hibernate is in classpath; If applicable, HQL parser will be used.
2026-09-01T18:58:08.954+05:30  WARN 13324 --- [google-oauth2-sso-restapi] [restartedMain] JpaBaseConfiguration$JpaWebConfiguration : spring.jpa.open-in-view is enabled by default. Therefore, database queries may be performed during view rendering. Explicitly configure spring.jpa.open-in-view to disable this warning
2026-09-01T18:58:10.243+05:30  INFO 13324 --- [google-oauth2-sso-restapi] [restartedMain] o.s.boot.tomcat.TomcatWebServer          : Tomcat started on port 8080 (http) with context path '/'
2026-09-01T18:58:10.261+05:30  INFO 13324 --- [google-oauth2-sso-restapi] [restartedMain] c.f.GoogleOauth2SsoRestapiApplication    : Started GoogleOauth2SsoRestapiApplication in 12.512 seconds (process running for 13.629)
2026-09-01T18:58:19.223+05:30  INFO 13324 --- [google-oauth2-sso-restapi] [http-nio-8080-exec-1] o.a.c.c.C.[Tomcat].[localhost].[/]       : Initializing Spring DispatcherServlet 'dispatcherServlet'
2026-09-01T18:58:19.225+05:30  INFO 13324 --- [google-oauth2-sso-restapi] [http-nio-8080-exec-1] o.s.web.servlet.DispatcherServlet        : Initializing Servlet 'dispatcherServlet'
2026-09-01T18:58:19.304+05:30  INFO 13324 --- [google-oauth2-sso-restapi] [http-nio-8080-exec-1] o.s.web.servlet.DispatcherServlet        : Completed initialization in 79 ms
2026-09-01T18:58:19.788+05:30  INFO 13324 --- [google-oauth2-sso-restapi] [http-nio-8080-exec-1] com.fragma.service.AuthService           : Fetching enabled OAuth providers from database
2026-09-01T18:58:21.486+05:30  INFO 13324 --- [google-oauth2-sso-restapi] [http-nio-8080-exec-2] com.fragma.service.AuthService           : Fetching enabled OAuth providers from database
2026-09-01T18:58:31.436+05:30  INFO 13324 --- [google-oauth2-sso-restapi] [http-nio-8080-exec-3] com.fragma.controller.AuthController     : OAuth login request received for provider: google
2026-09-01T18:58:31.601+05:30  INFO 13324 --- [google-oauth2-sso-restapi] [http-nio-8080-exec-3] com.fragma.controller.AuthController     : OAuth provider validated: google
2026-09-01T18:58:31.601+05:30  INFO 13324 --- [google-oauth2-sso-restapi] [http-nio-8080-exec-3] com.fragma.controller.AuthController     : Redirecting user to OAuth authorization endpoint
2026-09-01T18:58:38.069+05:30  INFO 13324 --- [google-oauth2-sso-restapi] [http-nio-8080-exec-6] com.fragma.controller.AuthController     : OAuth login request received for provider: azure
2026-09-01T18:58:38.087+05:30  INFO 13324 --- [google-oauth2-sso-restapi] [http-nio-8080-exec-6] com.fragma.controller.AuthController     : OAuth provider validated: azure
2026-09-01T18:58:38.089+05:30  INFO 13324 --- [google-oauth2-sso-restapi] [http-nio-8080-exec-6] com.fragma.controller.AuthController     : Redirecting user to OAuth authorization endpoint
2026-09-01T18:58:41.383+05:30  INFO 13324 --- [google-oauth2-sso-restapi] [http-nio-8080-exec-7] com.fragma.config.OAuth2SuccessHandler   : OAuth authentication successful
2026-09-01T18:58:41.386+05:30  INFO 13324 --- [google-oauth2-sso-restapi] [http-nio-8080-exec-7] com.fragma.config.OAuth2SuccessHandler   : OAuth provider authentication completed: azure
2026-09-01T18:58:41.386+05:30  INFO 13324 --- [google-oauth2-sso-restapi] [http-nio-8080-exec-7] com.fragma.config.OAuth2SuccessHandler   : Checking whether OAuth user is already registered or not
2026-09-01T18:58:41.388+05:30 DEBUG 13324 --- [google-oauth2-sso-restapi] [http-nio-8080-exec-7] com.fragma.service.AuthService           : Checking whether user already exists
2026-09-01T18:58:41.757+05:30  INFO 13324 --- [google-oauth2-sso-restapi] [http-nio-8080-exec-7] com.fragma.service.AuthService           : User does not exist
2026-09-01T18:58:41.759+05:30  INFO 13324 --- [google-oauth2-sso-restapi] [http-nio-8080-exec-7] com.fragma.config.OAuth2SuccessHandler   : New OAuth user detected. Redirecting to registration page
2026-09-01T18:58:41.870+05:30  INFO 13324 --- [google-oauth2-sso-restapi] [http-nio-8080-exec-8] com.fragma.controller.AuthController     : Fetching OAuth registration data
2026-09-01T18:58:41.892+05:30  WARN 13324 --- [google-oauth2-sso-restapi] [http-nio-8080-exec-8] com.fragma.controller.AuthController     : OAuth session missing email
2026-09-01T18:58:41.914+05:30  WARN 13324 --- [google-oauth2-sso-restapi] [http-nio-8080-exec-8] c.f.exception.GlobalExceptionHandler     : OAuth session error occurred for request: /api/auth/registration-data
2026-09-01T18:58:41.988+05:30  WARN 13324 --- [google-oauth2-sso-restapi] [http-nio-8080-exec-8] .m.m.a.ExceptionHandlerExceptionResolver : Resolved [com.fragma.exception.OAuthSessionException: OAuth login required]
2026-09-01T19:02:48.766+05:30  INFO 13324 --- [google-oauth2-sso-restapi] [File Watcher] rtingClassPathChangeChangedEventListener : Restarting due to 3 class path changes (0 additions, 0 deletions, 3 modifications)
2026-09-01T19:02:49.361+05:30  INFO 13324 --- [google-oauth2-sso-restapi] [Thread-1] o.s.boot.tomcat.GracefulShutdown         : Commencing graceful shutdown. Waiting for active requests to complete
2026-09-01T19:02:52.026+05:30  INFO 13324 --- [google-oauth2-sso-restapi] [tomcat-shutdown] o.s.boot.tomcat.GracefulShutdown         : Graceful shutdown complete
2026-09-01T19:02:52.191+05:30  INFO 13324 --- [google-oauth2-sso-restapi] [Thread-1] j.LocalContainerEntityManagerFactoryBean : Closing JPA EntityManagerFactory for persistence unit 'default'
2026-09-01T19:02:52.264+05:30  INFO 13324 --- [google-oauth2-sso-restapi] [Thread-1] com.zaxxer.hikari.HikariDataSource       : HikariPool-1 - Shutdown initiated...
2026-09-01T19:02:52.345+05:30  INFO 13324 --- [google-oauth2-sso-restapi] [Thread-1] com.zaxxer.hikari.HikariDataSource       : HikariPool-1 - Shutdown completed.
2026-09-01T19:02:53.757+05:30  INFO 13324 --- [google-oauth2-sso-restapi] [restartedMain] c.f.GoogleOauth2SsoRestapiApplication    : Starting GoogleOauth2SsoRestapiApplication using Java 21.0.8 with PID 13324 (D:\AssignmentFragma\google-oauth2-sso-restapi\target\classes started by Sunitha in D:\AssignmentFragma\google-oauth2-sso-restapi)
2026-09-01T19:02:53.760+05:30 DEBUG 13324 --- [google-oauth2-sso-restapi] [restartedMain] c.f.GoogleOauth2SsoRestapiApplication    : Running with Spring Boot v4.1.1, Spring v7.0.9
2026-09-01T19:02:53.760+05:30  INFO 13324 --- [google-oauth2-sso-restapi] [restartedMain] c.f.GoogleOauth2SsoRestapiApplication    : No active profile set, falling back to 1 default profile: "default"
2026-09-01T19:02:56.774+05:30  INFO 13324 --- [google-oauth2-sso-restapi] [restartedMain] .s.d.r.c.RepositoryConfigurationDelegate : Bootstrapping Spring Data JPA repositories in DEFAULT mode.
2026-09-01T19:02:57.056+05:30  INFO 13324 --- [google-oauth2-sso-restapi] [restartedMain] .s.d.r.c.RepositoryConfigurationDelegate : Finished Spring Data repository scanning in 264 ms. Found 2 JPA repository interfaces.
2026-09-01T19:02:59.728+05:30  INFO 13324 --- [google-oauth2-sso-restapi] [restartedMain] o.s.boot.tomcat.TomcatWebServer          : Tomcat initialized with port 8080 (http)
2026-09-01T19:02:59.746+05:30  INFO 13324 --- [google-oauth2-sso-restapi] [restartedMain] o.apache.catalina.core.StandardService   : Starting service [Tomcat]
2026-09-01T19:02:59.746+05:30  INFO 13324 --- [google-oauth2-sso-restapi] [restartedMain] o.apache.catalina.core.StandardEngine    : Starting Servlet engine: [Apache Tomcat/11.0.24]
2026-09-01T19:03:00.789+05:30  INFO 13324 --- [google-oauth2-sso-restapi] [restartedMain] b.w.c.s.WebApplicationContextInitializer : Root WebApplicationContext: initialization completed in 7011 ms
2026-09-01T19:03:06.606+05:30  INFO 13324 --- [google-oauth2-sso-restapi] [restartedMain] org.hibernate.orm.jpa                    : HHH008540: Processing PersistenceUnitInfo [name: default]
2026-09-01T19:03:06.837+05:30  INFO 13324 --- [google-oauth2-sso-restapi] [restartedMain] o.s.o.j.p.SpringPersistenceUnitInfo      : No LoadTimeWeaver setup: ignoring JPA class transformer
2026-09-01T19:03:06.841+05:30  INFO 13324 --- [google-oauth2-sso-restapi] [restartedMain] com.zaxxer.hikari.HikariDataSource       : HikariPool-2 - Starting...
2026-09-01T19:03:07.675+05:30  INFO 13324 --- [google-oauth2-sso-restapi] [restartedMain] com.zaxxer.hikari.pool.HikariPool        : HikariPool-2 - Added connection oracle.jdbc.driver.T4CConnection@3522c8a2
2026-09-01T19:03:07.692+05:30  INFO 13324 --- [google-oauth2-sso-restapi] [restartedMain] com.zaxxer.hikari.HikariDataSource       : HikariPool-2 - Start completed.
2026-09-01T19:03:07.855+05:30  WARN 13324 --- [google-oauth2-sso-restapi] [restartedMain] org.hibernate.orm.jdbc                   : HHH100123: Low default JDBC fetch size: 10 (consider setting 'hibernate.jdbc.fetch_size')
2026-09-01T19:03:07.904+05:30  INFO 13324 --- [google-oauth2-sso-restapi] [restartedMain] org.hibernate.orm.connections.pooling    : HHH10001005: Database info:
	Database JDBC URL [jdbc:oracle:thin:@localhost:1521:orcl]
	Database driver: Oracle JDBC driver
	Database dialect: OracleDialect
	Database version: 21.3
	Default catalog/schema: undefined/SUNITHA
	Autocommit mode: undefined/unknown
	Isolation level: READ_COMMITTED [default READ_COMMITTED]
	JDBC fetch size: 10
	Pool: DataSourceConnectionProvider
	Minimum pool size: undefined/unknown
	Maximum pool size: undefined/unknown
2026-09-01T19:03:09.276+05:30  INFO 13324 --- [google-oauth2-sso-restapi] [restartedMain] org.hibernate.orm.core                   : HHH000489: No JTA platform available (set 'hibernate.transaction.jta.platform' to enable JTA platform integration)
2026-09-01T19:03:10.582+05:30  INFO 13324 --- [google-oauth2-sso-restapi] [restartedMain] j.LocalContainerEntityManagerFactoryBean : Initialized JPA EntityManagerFactory for persistence unit 'default'
2026-09-01T19:03:12.286+05:30  WARN 13324 --- [google-oauth2-sso-restapi] [restartedMain] JpaBaseConfiguration$JpaWebConfiguration : spring.jpa.open-in-view is enabled by default. Therefore, database queries may be performed during view rendering. Explicitly configure spring.jpa.open-in-view to disable this warning
2026-09-01T19:03:14.105+05:30  INFO 13324 --- [google-oauth2-sso-restapi] [restartedMain] o.s.boot.tomcat.TomcatWebServer          : Tomcat started on port 8080 (http) with context path '/'
2026-09-01T19:03:14.130+05:30  INFO 13324 --- [google-oauth2-sso-restapi] [restartedMain] c.f.GoogleOauth2SsoRestapiApplication    : Started GoogleOauth2SsoRestapiApplication in 21.05 seconds (process running for 317.498)
2026-09-01T19:03:14.144+05:30  INFO 13324 --- [google-oauth2-sso-restapi] [restartedMain] .ConditionEvaluationDeltaLoggingListener : Condition evaluation unchanged
2026-09-01T19:08:57.148+05:30  INFO 51676 --- [google-oauth2-sso-restapi] [restartedMain] c.f.GoogleOauth2SsoRestapiApplication    : Starting GoogleOauth2SsoRestapiApplication using Java 21.0.8 with PID 51676 (D:\AssignmentFragma\google-oauth2-sso-restapi\target\classes started by Sunitha in D:\AssignmentFragma\google-oauth2-sso-restapi)
2026-09-01T19:08:57.154+05:30 DEBUG 51676 --- [google-oauth2-sso-restapi] [restartedMain] c.f.GoogleOauth2SsoRestapiApplication    : Running with Spring Boot v4.1.1, Spring v7.0.9
2026-09-01T19:08:57.158+05:30  INFO 51676 --- [google-oauth2-sso-restapi] [restartedMain] c.f.GoogleOauth2SsoRestapiApplication    : No active profile set, falling back to 1 default profile: "default"
2026-09-01T19:08:57.470+05:30  INFO 36516 --- [google-oauth2-sso-restapi] [restartedMain] c.f.GoogleOauth2SsoRestapiApplication    : Starting GoogleOauth2SsoRestapiApplication using Java 21.0.8 with PID 36516 (D:\AssignmentFragma\google-oauth2-sso-restapi\target\classes started by Sunitha in D:\AssignmentFragma\google-oauth2-sso-restapi)
2026-09-01T19:08:57.484+05:30 DEBUG 36516 --- [google-oauth2-sso-restapi] [restartedMain] c.f.GoogleOauth2SsoRestapiApplication    : Running with Spring Boot v4.1.1, Spring v7.0.9
2026-09-01T19:08:57.490+05:30  INFO 36516 --- [google-oauth2-sso-restapi] [restartedMain] c.f.GoogleOauth2SsoRestapiApplication    : No active profile set, falling back to 1 default profile: "default"
2026-09-01T19:08:57.680+05:30  INFO 51676 --- [google-oauth2-sso-restapi] [restartedMain] o.s.b.devtools.restart.ChangeableUrls    : The Class-Path manifest attribute in C:\Users\gugul\.m2\repository\com\oracle\database\jdbc\ojdbc17\23.26.3.0.0\ojdbc17-23.26.3.0.0.jar referenced one or more files that do not exist: file:/C:/Users/gugul/.m2/repository/com/oracle/database/jdbc/ojdbc17/23.26.3.0.0/oraclepki.jar
2026-09-01T19:08:57.681+05:30  INFO 51676 --- [google-oauth2-sso-restapi] [restartedMain] .e.DevToolsPropertyDefaultsPostProcessor : Devtools property defaults active! Set 'spring.devtools.add-properties' to 'false' to disable
2026-09-01T19:08:57.717+05:30  INFO 51676 --- [google-oauth2-sso-restapi] [restartedMain] .e.DevToolsPropertyDefaultsPostProcessor : For additional web related logging consider setting the 'logging.level.web' property to 'DEBUG'
2026-09-01T19:08:58.042+05:30  INFO 36516 --- [google-oauth2-sso-restapi] [restartedMain] o.s.b.devtools.restart.ChangeableUrls    : The Class-Path manifest attribute in C:\Users\gugul\.m2\repository\com\oracle\database\jdbc\ojdbc17\23.26.3.0.0\ojdbc17-23.26.3.0.0.jar referenced one or more files that do not exist: file:/C:/Users/gugul/.m2/repository/com/oracle/database/jdbc/ojdbc17/23.26.3.0.0/oraclepki.jar
2026-09-01T19:08:58.042+05:30  INFO 36516 --- [google-oauth2-sso-restapi] [restartedMain] .e.DevToolsPropertyDefaultsPostProcessor : Devtools property defaults active! Set 'spring.devtools.add-properties' to 'false' to disable
2026-09-01T19:08:58.042+05:30  INFO 36516 --- [google-oauth2-sso-restapi] [restartedMain] .e.DevToolsPropertyDefaultsPostProcessor : For additional web related logging consider setting the 'logging.level.web' property to 'DEBUG'
2026-09-01T19:09:01.140+05:30  INFO 51676 --- [google-oauth2-sso-restapi] [restartedMain] .s.d.r.c.RepositoryConfigurationDelegate : Bootstrapping Spring Data JPA repositories in DEFAULT mode.
2026-09-01T19:09:01.408+05:30  INFO 51676 --- [google-oauth2-sso-restapi] [restartedMain] .s.d.r.c.RepositoryConfigurationDelegate : Finished Spring Data repository scanning in 236 ms. Found 2 JPA repository interfaces.
2026-09-01T19:09:01.807+05:30  INFO 36516 --- [google-oauth2-sso-restapi] [restartedMain] .s.d.r.c.RepositoryConfigurationDelegate : Bootstrapping Spring Data JPA repositories in DEFAULT mode.
2026-09-01T19:09:02.042+05:30  INFO 36516 --- [google-oauth2-sso-restapi] [restartedMain] .s.d.r.c.RepositoryConfigurationDelegate : Finished Spring Data repository scanning in 153 ms. Found 2 JPA repository interfaces.
2026-09-01T19:09:04.870+05:30  INFO 51676 --- [google-oauth2-sso-restapi] [restartedMain] o.s.boot.tomcat.TomcatWebServer          : Tomcat initialized with port 8080 (http)
2026-09-01T19:09:04.905+05:30  INFO 51676 --- [google-oauth2-sso-restapi] [restartedMain] o.apache.catalina.core.StandardService   : Starting service [Tomcat]
2026-09-01T19:09:04.908+05:30  INFO 51676 --- [google-oauth2-sso-restapi] [restartedMain] o.apache.catalina.core.StandardEngine    : Starting Servlet engine: [Apache Tomcat/11.0.24]
2026-09-01T19:09:04.945+05:30  INFO 36516 --- [google-oauth2-sso-restapi] [restartedMain] o.s.boot.tomcat.TomcatWebServer          : Tomcat initialized with port 8080 (http)
2026-09-01T19:09:04.992+05:30  INFO 36516 --- [google-oauth2-sso-restapi] [restartedMain] o.apache.catalina.core.StandardService   : Starting service [Tomcat]
2026-09-01T19:09:04.994+05:30  INFO 36516 --- [google-oauth2-sso-restapi] [restartedMain] o.apache.catalina.core.StandardEngine    : Starting Servlet engine: [Apache Tomcat/11.0.24]
2026-09-01T19:09:05.110+05:30  INFO 36516 --- [google-oauth2-sso-restapi] [restartedMain] b.w.c.s.WebApplicationContextInitializer : Root WebApplicationContext: initialization completed in 7066 ms
2026-09-01T19:09:05.113+05:30  INFO 51676 --- [google-oauth2-sso-restapi] [restartedMain] b.w.c.s.WebApplicationContextInitializer : Root WebApplicationContext: initialization completed in 7392 ms
2026-09-01T19:09:06.997+05:30  INFO 51676 --- [google-oauth2-sso-restapi] [restartedMain] org.hibernate.orm.jpa                    : HHH008540: Processing PersistenceUnitInfo [name: default]
2026-09-01T19:09:07.010+05:30  INFO 36516 --- [google-oauth2-sso-restapi] [restartedMain] org.hibernate.orm.jpa                    : HHH008540: Processing PersistenceUnitInfo [name: default]
2026-09-01T19:09:07.162+05:30  INFO 51676 --- [google-oauth2-sso-restapi] [restartedMain] org.hibernate.orm.core                   : HHH000001: Hibernate ORM core version 7.4.5.Final
2026-09-01T19:09:07.163+05:30  INFO 36516 --- [google-oauth2-sso-restapi] [restartedMain] org.hibernate.orm.core                   : HHH000001: Hibernate ORM core version 7.4.5.Final
2026-09-01T19:09:08.747+05:30  INFO 36516 --- [google-oauth2-sso-restapi] [restartedMain] o.s.o.j.p.SpringPersistenceUnitInfo      : No LoadTimeWeaver setup: ignoring JPA class transformer
2026-09-01T19:09:08.793+05:30  INFO 51676 --- [google-oauth2-sso-restapi] [restartedMain] o.s.o.j.p.SpringPersistenceUnitInfo      : No LoadTimeWeaver setup: ignoring JPA class transformer
2026-09-01T19:09:08.839+05:30  INFO 36516 --- [google-oauth2-sso-restapi] [restartedMain] com.zaxxer.hikari.HikariDataSource       : HikariPool-1 - Starting...
2026-09-01T19:09:08.870+05:30  INFO 51676 --- [google-oauth2-sso-restapi] [restartedMain] com.zaxxer.hikari.HikariDataSource       : HikariPool-1 - Starting...
2026-09-01T19:09:09.776+05:30  INFO 36516 --- [google-oauth2-sso-restapi] [restartedMain] com.zaxxer.hikari.pool.HikariPool        : HikariPool-1 - Added connection oracle.jdbc.driver.T4CConnection@53d3aae5
2026-09-01T19:09:09.790+05:30  INFO 36516 --- [google-oauth2-sso-restapi] [restartedMain] com.zaxxer.hikari.HikariDataSource       : HikariPool-1 - Start completed.
2026-09-01T19:09:09.808+05:30  INFO 51676 --- [google-oauth2-sso-restapi] [restartedMain] com.zaxxer.hikari.pool.HikariPool        : HikariPool-1 - Added connection oracle.jdbc.driver.T4CConnection@ad7917c
2026-09-01T19:09:09.812+05:30  INFO 51676 --- [google-oauth2-sso-restapi] [restartedMain] com.zaxxer.hikari.HikariDataSource       : HikariPool-1 - Start completed.
2026-09-01T19:09:10.299+05:30  WARN 36516 --- [google-oauth2-sso-restapi] [restartedMain] org.hibernate.orm.jdbc                   : HHH100123: Low default JDBC fetch size: 10 (consider setting 'hibernate.jdbc.fetch_size')
2026-09-01T19:09:10.316+05:30  INFO 36516 --- [google-oauth2-sso-restapi] [restartedMain] org.hibernate.orm.connections.pooling    : HHH10001005: Database info:
	Database JDBC URL [jdbc:oracle:thin:@localhost:1521:orcl]
	Database driver: Oracle JDBC driver
	Database dialect: OracleDialect
	Database version: 21.3
	Default catalog/schema: undefined/SUNITHA
	Autocommit mode: undefined/unknown
	Isolation level: READ_COMMITTED [default READ_COMMITTED]
	JDBC fetch size: 10
	Pool: DataSourceConnectionProvider
	Minimum pool size: undefined/unknown
	Maximum pool size: undefined/unknown
2026-09-01T19:09:10.349+05:30  WARN 51676 --- [google-oauth2-sso-restapi] [restartedMain] org.hibernate.orm.jdbc                   : HHH100123: Low default JDBC fetch size: 10 (consider setting 'hibernate.jdbc.fetch_size')
2026-09-01T19:09:10.361+05:30  INFO 51676 --- [google-oauth2-sso-restapi] [restartedMain] org.hibernate.orm.connections.pooling    : HHH10001005: Database info:
	Database JDBC URL [jdbc:oracle:thin:@localhost:1521:orcl]
	Database driver: Oracle JDBC driver
	Database dialect: OracleDialect
	Database version: 21.3
	Default catalog/schema: undefined/SUNITHA
	Autocommit mode: undefined/unknown
	Isolation level: READ_COMMITTED [default READ_COMMITTED]
	JDBC fetch size: 10
	Pool: DataSourceConnectionProvider
	Minimum pool size: undefined/unknown
	Maximum pool size: undefined/unknown
2026-09-01T19:09:12.204+05:30  INFO 36516 --- [google-oauth2-sso-restapi] [restartedMain] org.hibernate.orm.core                   : HHH000489: No JTA platform available (set 'hibernate.transaction.jta.platform' to enable JTA platform integration)
2026-09-01T19:09:12.412+05:30  INFO 51676 --- [google-oauth2-sso-restapi] [restartedMain] org.hibernate.orm.core                   : HHH000489: No JTA platform available (set 'hibernate.transaction.jta.platform' to enable JTA platform integration)
2026-09-01T19:09:13.086+05:30  INFO 36516 --- [google-oauth2-sso-restapi] [restartedMain] j.LocalContainerEntityManagerFactoryBean : Initialized JPA EntityManagerFactory for persistence unit 'default'
2026-09-01T19:09:13.327+05:30  INFO 51676 --- [google-oauth2-sso-restapi] [restartedMain] j.LocalContainerEntityManagerFactoryBean : Initialized JPA EntityManagerFactory for persistence unit 'default'
2026-09-01T19:09:13.674+05:30  INFO 36516 --- [google-oauth2-sso-restapi] [restartedMain] o.s.d.j.r.query.QueryEnhancerFactories   : Hibernate is in classpath; If applicable, HQL parser will be used.
2026-09-01T19:09:13.829+05:30  INFO 51676 --- [google-oauth2-sso-restapi] [restartedMain] o.s.d.j.r.query.QueryEnhancerFactories   : Hibernate is in classpath; If applicable, HQL parser will be used.
2026-09-01T19:09:19.413+05:30  WARN 51676 --- [google-oauth2-sso-restapi] [restartedMain] JpaBaseConfiguration$JpaWebConfiguration : spring.jpa.open-in-view is enabled by default. Therefore, database queries may be performed during view rendering. Explicitly configure spring.jpa.open-in-view to disable this warning
2026-09-01T19:09:19.723+05:30  WARN 36516 --- [google-oauth2-sso-restapi] [restartedMain] JpaBaseConfiguration$JpaWebConfiguration : spring.jpa.open-in-view is enabled by default. Therefore, database queries may be performed during view rendering. Explicitly configure spring.jpa.open-in-view to disable this warning
2026-09-01T19:09:26.718+05:30  WARN 36516 --- [google-oauth2-sso-restapi] [restartedMain] ConfigServletWebServerApplicationContext : Exception encountered during context initialization - cancelling refresh attempt: org.springframework.context.ApplicationContextException: Failed to start bean 'webServerStartStop'
2026-09-01T19:09:26.736+05:30  INFO 51676 --- [google-oauth2-sso-restapi] [restartedMain] o.s.boot.tomcat.TomcatWebServer          : Tomcat started on port 8080 (http) with context path '/'
2026-09-01T19:09:26.742+05:30  INFO 36516 --- [google-oauth2-sso-restapi] [restartedMain] j.LocalContainerEntityManagerFactoryBean : Closing JPA EntityManagerFactory for persistence unit 'default'
2026-09-01T19:09:26.775+05:30  INFO 36516 --- [google-oauth2-sso-restapi] [restartedMain] com.zaxxer.hikari.HikariDataSource       : HikariPool-1 - Shutdown initiated...
2026-09-01T19:09:26.810+05:30  INFO 51676 --- [google-oauth2-sso-restapi] [restartedMain] c.f.GoogleOauth2SsoRestapiApplication    : Started GoogleOauth2SsoRestapiApplication in 30.943 seconds (process running for 33.012)
2026-09-01T19:09:26.828+05:30  INFO 36516 --- [google-oauth2-sso-restapi] [restartedMain] com.zaxxer.hikari.HikariDataSource       : HikariPool-1 - Shutdown completed.
2026-09-01T19:09:26.990+05:30  INFO 36516 --- [google-oauth2-sso-restapi] [restartedMain] .s.b.a.l.ConditionEvaluationReportLogger : 

Error starting ApplicationContext. To display the condition evaluation report re-run your application with 'debug' enabled.
2026-09-01T19:09:27.079+05:30 ERROR 36516 --- [google-oauth2-sso-restapi] [restartedMain] o.s.b.d.LoggingFailureAnalysisReporter   : 

***************************
APPLICATION FAILED TO START
***************************

Description:

Web server failed to start. Port 8080 was already in use.

Action:

Identify and stop the process that's listening on port 8080 or configure this application to listen on another port.

2026-09-01T19:09:30.762+05:30  INFO 51676 --- [google-oauth2-sso-restapi] [http-nio-8080-exec-2] o.a.c.c.C.[Tomcat].[localhost].[/]       : Initializing Spring DispatcherServlet 'dispatcherServlet'
2026-09-01T19:09:30.764+05:30  INFO 51676 --- [google-oauth2-sso-restapi] [http-nio-8080-exec-2] o.s.web.servlet.DispatcherServlet        : Initializing Servlet 'dispatcherServlet'
2026-09-01T19:09:30.775+05:30  INFO 51676 --- [google-oauth2-sso-restapi] [http-nio-8080-exec-2] o.s.web.servlet.DispatcherServlet        : Completed initialization in 11 ms
2026-09-01T19:09:31.141+05:30  INFO 51676 --- [google-oauth2-sso-restapi] [http-nio-8080-exec-2] com.fragma.service.AuthService           : Fetching enabled OAuth providers from database
2026-09-01T19:09:35.906+05:30  INFO 51676 --- [google-oauth2-sso-restapi] [http-nio-8080-exec-1] com.fragma.controller.AuthController     : OAuth login request received for provider: cognito
2026-09-01T19:09:36.040+05:30  INFO 51676 --- [google-oauth2-sso-restapi] [http-nio-8080-exec-1] com.fragma.controller.AuthController     : OAuth provider validated: cognito
2026-09-01T19:09:36.043+05:30  INFO 51676 --- [google-oauth2-sso-restapi] [http-nio-8080-exec-1] com.fragma.controller.AuthController     : Redirecting user to OAuth authorization endpoint
2026-09-01T19:11:25.860+05:30  INFO 51676 --- [google-oauth2-sso-restapi] [http-nio-8080-exec-9] com.fragma.controller.AuthController     : OAuth login request received for provider: cognito
2026-09-01T19:11:25.867+05:30  INFO 51676 --- [google-oauth2-sso-restapi] [http-nio-8080-exec-9] com.fragma.controller.AuthController     : OAuth provider validated: cognito
2026-09-01T19:11:25.867+05:30  INFO 51676 --- [google-oauth2-sso-restapi] [http-nio-8080-exec-9] com.fragma.controller.AuthController     : Redirecting user to OAuth authorization endpoint
2026-09-01T19:11:38.571+05:30  INFO 44368 --- [google-oauth2-sso-restapi] [restartedMain] c.f.GoogleOauth2SsoRestapiApplication    : Starting GoogleOauth2SsoRestapiApplication using Java 21.0.8 with PID 44368 (D:\AssignmentFragma\google-oauth2-sso-restapi\target\classes started by Sunitha in D:\AssignmentFragma\google-oauth2-sso-restapi)
2026-09-01T19:11:38.581+05:30 DEBUG 44368 --- [google-oauth2-sso-restapi] [restartedMain] c.f.GoogleOauth2SsoRestapiApplication    : Running with Spring Boot v4.1.1, Spring v7.0.9
2026-09-01T19:11:38.587+05:30  INFO 44368 --- [google-oauth2-sso-restapi] [restartedMain] c.f.GoogleOauth2SsoRestapiApplication    : No active profile set, falling back to 1 default profile: "default"
2026-09-01T19:11:38.725+05:30  INFO 44368 --- [google-oauth2-sso-restapi] [restartedMain] o.s.b.devtools.restart.ChangeableUrls    : The Class-Path manifest attribute in C:\Users\gugul\.m2\repository\com\oracle\database\jdbc\ojdbc17\23.26.3.0.0\ojdbc17-23.26.3.0.0.jar referenced one or more files that do not exist: file:/C:/Users/gugul/.m2/repository/com/oracle/database/jdbc/ojdbc17/23.26.3.0.0/oraclepki.jar
2026-09-01T19:11:38.729+05:30  INFO 44368 --- [google-oauth2-sso-restapi] [restartedMain] .e.DevToolsPropertyDefaultsPostProcessor : Devtools property defaults active! Set 'spring.devtools.add-properties' to 'false' to disable
2026-09-01T19:11:38.733+05:30  INFO 44368 --- [google-oauth2-sso-restapi] [restartedMain] .e.DevToolsPropertyDefaultsPostProcessor : For additional web related logging consider setting the 'logging.level.web' property to 'DEBUG'
2026-09-01T19:11:40.376+05:30  INFO 44368 --- [google-oauth2-sso-restapi] [restartedMain] .s.d.r.c.RepositoryConfigurationDelegate : Bootstrapping Spring Data JPA repositories in DEFAULT mode.
2026-09-01T19:11:40.572+05:30  INFO 44368 --- [google-oauth2-sso-restapi] [restartedMain] .s.d.r.c.RepositoryConfigurationDelegate : Finished Spring Data repository scanning in 180 ms. Found 2 JPA repository interfaces.
2026-09-01T19:11:42.040+05:30  INFO 44368 --- [google-oauth2-sso-restapi] [restartedMain] o.s.boot.tomcat.TomcatWebServer          : Tomcat initialized with port 8080 (http)
2026-09-01T19:11:42.074+05:30  INFO 44368 --- [google-oauth2-sso-restapi] [restartedMain] o.apache.catalina.core.StandardService   : Starting service [Tomcat]
2026-09-01T19:11:42.075+05:30  INFO 44368 --- [google-oauth2-sso-restapi] [restartedMain] o.apache.catalina.core.StandardEngine    : Starting Servlet engine: [Apache Tomcat/11.0.24]
2026-09-01T19:11:42.170+05:30  INFO 44368 --- [google-oauth2-sso-restapi] [restartedMain] b.w.c.s.WebApplicationContextInitializer : Root WebApplicationContext: initialization completed in 3434 ms
2026-09-01T19:11:42.920+05:30  INFO 44368 --- [google-oauth2-sso-restapi] [restartedMain] org.hibernate.orm.jpa                    : HHH008540: Processing PersistenceUnitInfo [name: default]
2026-09-01T19:11:43.023+05:30  INFO 44368 --- [google-oauth2-sso-restapi] [restartedMain] org.hibernate.orm.core                   : HHH000001: Hibernate ORM core version 7.4.5.Final
2026-09-01T19:11:43.803+05:30  INFO 44368 --- [google-oauth2-sso-restapi] [restartedMain] o.s.o.j.p.SpringPersistenceUnitInfo      : No LoadTimeWeaver setup: ignoring JPA class transformer
2026-09-01T19:11:43.864+05:30  INFO 44368 --- [google-oauth2-sso-restapi] [restartedMain] com.zaxxer.hikari.HikariDataSource       : HikariPool-1 - Starting...
2026-09-01T19:11:44.624+05:30  INFO 44368 --- [google-oauth2-sso-restapi] [restartedMain] com.zaxxer.hikari.pool.HikariPool        : HikariPool-1 - Added connection oracle.jdbc.driver.T4CConnection@26c9f391
2026-09-01T19:11:44.628+05:30  INFO 44368 --- [google-oauth2-sso-restapi] [restartedMain] com.zaxxer.hikari.HikariDataSource       : HikariPool-1 - Start completed.
2026-09-01T19:11:45.132+05:30  WARN 44368 --- [google-oauth2-sso-restapi] [restartedMain] org.hibernate.orm.jdbc                   : HHH100123: Low default JDBC fetch size: 10 (consider setting 'hibernate.jdbc.fetch_size')
2026-09-01T19:11:45.146+05:30  INFO 44368 --- [google-oauth2-sso-restapi] [restartedMain] org.hibernate.orm.connections.pooling    : HHH10001005: Database info:
	Database JDBC URL [jdbc:oracle:thin:@localhost:1521:orcl]
	Database driver: Oracle JDBC driver
	Database dialect: OracleDialect
	Database version: 21.3
	Default catalog/schema: undefined/SUNITHA
	Autocommit mode: undefined/unknown
	Isolation level: READ_COMMITTED [default READ_COMMITTED]
	JDBC fetch size: 10
	Pool: DataSourceConnectionProvider
	Minimum pool size: undefined/unknown
	Maximum pool size: undefined/unknown
2026-09-01T19:11:46.814+05:30  INFO 44368 --- [google-oauth2-sso-restapi] [restartedMain] org.hibernate.orm.core                   : HHH000489: No JTA platform available (set 'hibernate.transaction.jta.platform' to enable JTA platform integration)
2026-09-01T19:11:47.434+05:30  INFO 44368 --- [google-oauth2-sso-restapi] [restartedMain] j.LocalContainerEntityManagerFactoryBean : Initialized JPA EntityManagerFactory for persistence unit 'default'
2026-09-01T19:11:47.615+05:30  INFO 44368 --- [google-oauth2-sso-restapi] [restartedMain] o.s.d.j.r.query.QueryEnhancerFactories   : Hibernate is in classpath; If applicable, HQL parser will be used.
2026-09-01T19:11:48.646+05:30  WARN 44368 --- [google-oauth2-sso-restapi] [restartedMain] JpaBaseConfiguration$JpaWebConfiguration : spring.jpa.open-in-view is enabled by default. Therefore, database queries may be performed during view rendering. Explicitly configure spring.jpa.open-in-view to disable this warning
2026-09-01T19:11:49.900+05:30  INFO 44368 --- [google-oauth2-sso-restapi] [restartedMain] o.s.boot.tomcat.TomcatWebServer          : Tomcat started on port 8080 (http) with context path '/'
2026-09-01T19:11:49.914+05:30  INFO 44368 --- [google-oauth2-sso-restapi] [restartedMain] c.f.GoogleOauth2SsoRestapiApplication    : Started GoogleOauth2SsoRestapiApplication in 12.26 seconds (process running for 13.205)
2026-09-01T19:12:05.672+05:30  INFO 44368 --- [google-oauth2-sso-restapi] [http-nio-8080-exec-2] o.a.c.c.C.[Tomcat].[localhost].[/]       : Initializing Spring DispatcherServlet 'dispatcherServlet'
2026-09-01T19:12:05.677+05:30  INFO 44368 --- [google-oauth2-sso-restapi] [http-nio-8080-exec-2] o.s.web.servlet.DispatcherServlet        : Initializing Servlet 'dispatcherServlet'
2026-09-01T19:12:05.686+05:30  INFO 44368 --- [google-oauth2-sso-restapi] [http-nio-8080-exec-2] o.s.web.servlet.DispatcherServlet        : Completed initialization in 6 ms
2026-09-01T19:12:06.255+05:30  INFO 44368 --- [google-oauth2-sso-restapi] [http-nio-8080-exec-2] com.fragma.service.AuthService           : Fetching enabled OAuth providers from database
2026-09-01T19:12:12.139+05:30  INFO 44368 --- [google-oauth2-sso-restapi] [http-nio-8080-exec-4] com.fragma.controller.AuthController     : OAuth login request received for provider: cognito
2026-09-01T19:12:12.301+05:30  INFO 44368 --- [google-oauth2-sso-restapi] [http-nio-8080-exec-4] com.fragma.controller.AuthController     : OAuth provider validated: cognito
2026-09-01T19:12:12.303+05:30  INFO 44368 --- [google-oauth2-sso-restapi] [http-nio-8080-exec-4] com.fragma.controller.AuthController     : Redirecting user to OAuth authorization endpoint
2026-09-01T19:12:30.748+05:30  INFO 44368 --- [google-oauth2-sso-restapi] [http-nio-8080-exec-5] com.fragma.config.OAuth2SuccessHandler   : OAuth authentication successful
2026-09-01T19:12:30.750+05:30  INFO 44368 --- [google-oauth2-sso-restapi] [http-nio-8080-exec-5] com.fragma.config.OAuth2SuccessHandler   : OAuth provider authentication completed: cognito
2026-09-01T19:12:30.750+05:30  INFO 44368 --- [google-oauth2-sso-restapi] [http-nio-8080-exec-5] com.fragma.config.OAuth2SuccessHandler   : Checking whether OAuth user is already registered or not
2026-09-01T19:12:30.753+05:30 DEBUG 44368 --- [google-oauth2-sso-restapi] [http-nio-8080-exec-5] com.fragma.service.AuthService           : Checking whether user already exists
2026-09-01T19:12:31.262+05:30  INFO 44368 --- [google-oauth2-sso-restapi] [http-nio-8080-exec-5] com.fragma.service.AuthService           : User does not exist
2026-09-01T19:12:31.264+05:30  INFO 44368 --- [google-oauth2-sso-restapi] [http-nio-8080-exec-5] com.fragma.config.OAuth2SuccessHandler   : New OAuth user detected. Redirecting to registration page
2026-09-01T19:12:31.379+05:30  INFO 44368 --- [google-oauth2-sso-restapi] [http-nio-8080-exec-6] com.fragma.controller.AuthController     : Fetching OAuth registration data
2026-09-01T19:12:35.102+05:30  INFO 44368 --- [google-oauth2-sso-restapi] [http-nio-8080-exec-8] com.fragma.controller.AuthController     : User registration request received
2026-09-01T19:12:35.102+05:30  INFO 44368 --- [google-oauth2-sso-restapi] [http-nio-8080-exec-8] com.fragma.controller.AuthController     : Creating user account from OAuth profile
2026-09-01T19:12:35.108+05:30  INFO 44368 --- [google-oauth2-sso-restapi] [http-nio-8080-exec-8] com.fragma.service.AuthService           : Starting user registration
2026-09-01T19:12:35.363+05:30  INFO 44368 --- [google-oauth2-sso-restapi] [http-nio-8080-exec-8] com.fragma.service.AuthService           : User registration completed successfully
2026-09-01T19:12:35.499+05:30  INFO 44368 --- [google-oauth2-sso-restapi] [http-nio-8080-exec-9] com.fragma.controller.AuthController     : Profile request received
2026-09-01T19:12:35.500+05:30 DEBUG 44368 --- [google-oauth2-sso-restapi] [http-nio-8080-exec-9] com.fragma.controller.AuthController     : Fetching profile for authenticated user
2026-09-01T19:12:35.500+05:30  INFO 44368 --- [google-oauth2-sso-restapi] [http-nio-8080-exec-9] com.fragma.service.AuthService           : Searching for user profile
2026-09-01T19:12:38.003+05:30  INFO 44368 --- [google-oauth2-sso-restapi] [http-nio-8080-exec-1] com.fragma.controller.AuthController     : OAuth login request received for provider: azure
2026-09-01T19:12:38.021+05:30  INFO 44368 --- [google-oauth2-sso-restapi] [http-nio-8080-exec-1] com.fragma.controller.AuthController     : OAuth provider validated: azure
2026-09-01T19:12:38.021+05:30  INFO 44368 --- [google-oauth2-sso-restapi] [http-nio-8080-exec-1] com.fragma.controller.AuthController     : Redirecting user to OAuth authorization endpoint
2026-09-01T19:12:39.282+05:30  INFO 44368 --- [google-oauth2-sso-restapi] [http-nio-8080-exec-3] com.fragma.config.OAuth2SuccessHandler   : OAuth authentication successful
2026-09-01T19:12:39.282+05:30  INFO 44368 --- [google-oauth2-sso-restapi] [http-nio-8080-exec-3] com.fragma.config.OAuth2SuccessHandler   : OAuth provider authentication completed: azure
2026-09-01T19:12:39.285+05:30  INFO 44368 --- [google-oauth2-sso-restapi] [http-nio-8080-exec-3] com.fragma.config.OAuth2SuccessHandler   : Checking whether OAuth user is already registered or not
2026-09-01T19:12:39.285+05:30 DEBUG 44368 --- [google-oauth2-sso-restapi] [http-nio-8080-exec-3] com.fragma.service.AuthService           : Checking whether user already exists
2026-09-01T19:12:39.295+05:30  INFO 44368 --- [google-oauth2-sso-restapi] [http-nio-8080-exec-3] com.fragma.service.AuthService           : User does not exist
2026-09-01T19:12:39.295+05:30  INFO 44368 --- [google-oauth2-sso-restapi] [http-nio-8080-exec-3] com.fragma.config.OAuth2SuccessHandler   : New OAuth user detected. Redirecting to registration page
2026-09-01T19:12:39.386+05:30  INFO 44368 --- [google-oauth2-sso-restapi] [http-nio-8080-exec-5] com.fragma.controller.AuthController     : Fetching OAuth registration data
2026-09-01T19:12:39.388+05:30  WARN 44368 --- [google-oauth2-sso-restapi] [http-nio-8080-exec-5] com.fragma.controller.AuthController     : OAuth session missing email
2026-09-01T19:12:39.412+05:30  WARN 44368 --- [google-oauth2-sso-restapi] [http-nio-8080-exec-5] c.f.exception.GlobalExceptionHandler     : OAuth session error occurred for request: /api/auth/registration-data
2026-09-01T19:12:39.446+05:30  WARN 44368 --- [google-oauth2-sso-restapi] [http-nio-8080-exec-5] .m.m.a.ExceptionHandlerExceptionResolver : Resolved [com.fragma.exception.OAuthSessionException: OAuth login required]
2026-09-01T19:14:41.958+05:30  INFO 44368 --- [google-oauth2-sso-restapi] [File Watcher] rtingClassPathChangeChangedEventListener : Restarting due to 1 class path change (0 additions, 0 deletions, 1 modification)
2026-09-01T19:14:41.969+05:30  INFO 44368 --- [google-oauth2-sso-restapi] [Thread-1] o.s.boot.tomcat.GracefulShutdown         : Commencing graceful shutdown. Waiting for active requests to complete
2026-09-01T19:14:41.982+05:30  INFO 44368 --- [google-oauth2-sso-restapi] [tomcat-shutdown] o.s.boot.tomcat.GracefulShutdown         : Graceful shutdown complete
2026-09-01T19:14:41.991+05:30  INFO 44368 --- [google-oauth2-sso-restapi] [Thread-1] j.LocalContainerEntityManagerFactoryBean : Closing JPA EntityManagerFactory for persistence unit 'default'
2026-09-01T19:14:41.998+05:30  INFO 44368 --- [google-oauth2-sso-restapi] [Thread-1] com.zaxxer.hikari.HikariDataSource       : HikariPool-1 - Shutdown initiated...
2026-09-01T19:14:42.016+05:30  INFO 44368 --- [google-oauth2-sso-restapi] [Thread-1] com.zaxxer.hikari.HikariDataSource       : HikariPool-1 - Shutdown completed.
2026-09-01T19:14:42.412+05:30  INFO 44368 --- [google-oauth2-sso-restapi] [restartedMain] c.f.GoogleOauth2SsoRestapiApplication    : Starting GoogleOauth2SsoRestapiApplication using Java 21.0.8 with PID 44368 (D:\AssignmentFragma\google-oauth2-sso-restapi\target\classes started by Sunitha in D:\AssignmentFragma\google-oauth2-sso-restapi)
2026-09-01T19:14:42.415+05:30 DEBUG 44368 --- [google-oauth2-sso-restapi] [restartedMain] c.f.GoogleOauth2SsoRestapiApplication    : Running with Spring Boot v4.1.1, Spring v7.0.9
2026-09-01T19:14:42.416+05:30  INFO 44368 --- [google-oauth2-sso-restapi] [restartedMain] c.f.GoogleOauth2SsoRestapiApplication    : No active profile set, falling back to 1 default profile: "default"
2026-09-01T19:14:43.084+05:30  INFO 44368 --- [google-oauth2-sso-restapi] [restartedMain] .s.d.r.c.RepositoryConfigurationDelegate : Bootstrapping Spring Data JPA repositories in DEFAULT mode.
2026-09-01T19:14:43.128+05:30  INFO 44368 --- [google-oauth2-sso-restapi] [restartedMain] .s.d.r.c.RepositoryConfigurationDelegate : Finished Spring Data repository scanning in 36 ms. Found 2 JPA repository interfaces.
2026-09-01T19:14:43.558+05:30  INFO 44368 --- [google-oauth2-sso-restapi] [restartedMain] o.s.boot.tomcat.TomcatWebServer          : Tomcat initialized with port 8080 (http)
2026-09-01T19:14:43.559+05:30  INFO 44368 --- [google-oauth2-sso-restapi] [restartedMain] o.apache.catalina.core.StandardService   : Starting service [Tomcat]
2026-09-01T19:14:43.560+05:30  INFO 44368 --- [google-oauth2-sso-restapi] [restartedMain] o.apache.catalina.core.StandardEngine    : Starting Servlet engine: [Apache Tomcat/11.0.24]
2026-09-01T19:14:43.665+05:30  INFO 44368 --- [google-oauth2-sso-restapi] [restartedMain] b.w.c.s.WebApplicationContextInitializer : Root WebApplicationContext: initialization completed in 1238 ms
2026-09-01T19:14:44.444+05:30  INFO 44368 --- [google-oauth2-sso-restapi] [restartedMain] org.hibernate.orm.jpa                    : HHH008540: Processing PersistenceUnitInfo [name: default]
2026-09-01T19:14:44.806+05:30  INFO 44368 --- [google-oauth2-sso-restapi] [restartedMain] o.s.o.j.p.SpringPersistenceUnitInfo      : No LoadTimeWeaver setup: ignoring JPA class transformer
2026-09-01T19:14:44.811+05:30  INFO 44368 --- [google-oauth2-sso-restapi] [restartedMain] com.zaxxer.hikari.HikariDataSource       : HikariPool-2 - Starting...
2026-09-01T19:14:45.132+05:30  INFO 44368 --- [google-oauth2-sso-restapi] [restartedMain] com.zaxxer.hikari.pool.HikariPool        : HikariPool-2 - Added connection oracle.jdbc.driver.T4CConnection@2c51bb7e
2026-09-01T19:14:45.132+05:30  INFO 44368 --- [google-oauth2-sso-restapi] [restartedMain] com.zaxxer.hikari.HikariDataSource       : HikariPool-2 - Start completed.
2026-09-01T19:14:45.183+05:30  WARN 44368 --- [google-oauth2-sso-restapi] [restartedMain] org.hibernate.orm.jdbc                   : HHH100123: Low default JDBC fetch size: 10 (consider setting 'hibernate.jdbc.fetch_size')
2026-09-01T19:14:45.185+05:30  INFO 44368 --- [google-oauth2-sso-restapi] [restartedMain] org.hibernate.orm.connections.pooling    : HHH10001005: Database info:
	Database JDBC URL [jdbc:oracle:thin:@localhost:1521:orcl]
	Database driver: Oracle JDBC driver
	Database dialect: OracleDialect
	Database version: 21.3
	Default catalog/schema: undefined/SUNITHA
	Autocommit mode: undefined/unknown
	Isolation level: READ_COMMITTED [default READ_COMMITTED]
	JDBC fetch size: 10
	Pool: DataSourceConnectionProvider
	Minimum pool size: undefined/unknown
	Maximum pool size: undefined/unknown
2026-09-01T19:14:46.058+05:30  INFO 44368 --- [google-oauth2-sso-restapi] [restartedMain] org.hibernate.orm.core                   : HHH000489: No JTA platform available (set 'hibernate.transaction.jta.platform' to enable JTA platform integration)
2026-09-01T19:14:46.899+05:30  INFO 44368 --- [google-oauth2-sso-restapi] [restartedMain] j.LocalContainerEntityManagerFactoryBean : Initialized JPA EntityManagerFactory for persistence unit 'default'
2026-09-01T19:14:48.440+05:30  WARN 44368 --- [google-oauth2-sso-restapi] [restartedMain] JpaBaseConfiguration$JpaWebConfiguration : spring.jpa.open-in-view is enabled by default. Therefore, database queries may be performed during view rendering. Explicitly configure spring.jpa.open-in-view to disable this warning
2026-09-01T19:14:49.722+05:30  INFO 44368 --- [google-oauth2-sso-restapi] [restartedMain] o.s.boot.tomcat.TomcatWebServer          : Tomcat started on port 8080 (http) with context path '/'
2026-09-01T19:14:49.764+05:30  INFO 44368 --- [google-oauth2-sso-restapi] [restartedMain] c.f.GoogleOauth2SsoRestapiApplication    : Started GoogleOauth2SsoRestapiApplication in 7.512 seconds (process running for 193.055)
2026-09-01T19:14:49.772+05:30  INFO 44368 --- [google-oauth2-sso-restapi] [restartedMain] .ConditionEvaluationDeltaLoggingListener : Condition evaluation unchanged
2026-09-01T19:14:50.345+05:30  INFO 44368 --- [google-oauth2-sso-restapi] [http-nio-8080-exec-1] o.a.c.c.C.[Tomcat].[localhost].[/]       : Initializing Spring DispatcherServlet 'dispatcherServlet'
2026-09-01T19:14:50.345+05:30  INFO 44368 --- [google-oauth2-sso-restapi] [http-nio-8080-exec-1] o.s.web.servlet.DispatcherServlet        : Initializing Servlet 'dispatcherServlet'
2026-09-01T19:14:50.348+05:30  INFO 44368 --- [google-oauth2-sso-restapi] [http-nio-8080-exec-1] o.s.web.servlet.DispatcherServlet        : Completed initialization in 1 ms
2026-09-01T19:14:50.364+05:30  INFO 44368 --- [google-oauth2-sso-restapi] [http-nio-8080-exec-1] com.fragma.controller.AuthController     : Fetching OAuth registration data
2026-09-01T19:14:55.826+05:30  INFO 44368 --- [google-oauth2-sso-restapi] [http-nio-8080-exec-2] com.fragma.controller.AuthController     : User registration request received
2026-09-01T19:14:55.826+05:30  WARN 44368 --- [google-oauth2-sso-restapi] [http-nio-8080-exec-2] com.fragma.controller.AuthController     : OAuth email not available during registration
2026-09-01T19:14:55.833+05:30  WARN 44368 --- [google-oauth2-sso-restapi] [http-nio-8080-exec-2] c.f.exception.GlobalExceptionHandler     : OAuth session error occurred for request: /api/auth/register
2026-09-01T19:14:55.867+05:30  WARN 44368 --- [google-oauth2-sso-restapi] [http-nio-8080-exec-2] .m.m.a.ExceptionHandlerExceptionResolver : Resolved [com.fragma.exception.OAuthSessionException: OAuth email not available]
2026-09-01T19:15:55.635+05:30  INFO 44368 --- [google-oauth2-sso-restapi] [File Watcher] rtingClassPathChangeChangedEventListener : Restarting due to 1 class path change (0 additions, 0 deletions, 1 modification)
2026-09-01T19:15:55.639+05:30  INFO 44368 --- [google-oauth2-sso-restapi] [Thread-6] o.s.boot.tomcat.GracefulShutdown         : Commencing graceful shutdown. Waiting for active requests to complete
2026-09-01T19:15:55.658+05:30  INFO 44368 --- [google-oauth2-sso-restapi] [tomcat-shutdown] o.s.boot.tomcat.GracefulShutdown         : Graceful shutdown complete
2026-09-01T19:15:55.667+05:30  INFO 44368 --- [google-oauth2-sso-restapi] [Thread-6] j.LocalContainerEntityManagerFactoryBean : Closing JPA EntityManagerFactory for persistence unit 'default'
2026-09-01T19:15:55.670+05:30  INFO 44368 --- [google-oauth2-sso-restapi] [Thread-6] com.zaxxer.hikari.HikariDataSource       : HikariPool-2 - Shutdown initiated...
2026-09-01T19:15:55.685+05:30  INFO 44368 --- [google-oauth2-sso-restapi] [Thread-6] com.zaxxer.hikari.HikariDataSource       : HikariPool-2 - Shutdown completed.
2026-09-01T19:15:55.901+05:30  INFO 44368 --- [google-oauth2-sso-restapi] [restartedMain] c.f.GoogleOauth2SsoRestapiApplication    : Starting GoogleOauth2SsoRestapiApplication using Java 21.0.8 with PID 44368 (D:\AssignmentFragma\google-oauth2-sso-restapi\target\classes started by Sunitha in D:\AssignmentFragma\google-oauth2-sso-restapi)
2026-09-01T19:15:55.904+05:30 DEBUG 44368 --- [google-oauth2-sso-restapi] [restartedMain] c.f.GoogleOauth2SsoRestapiApplication    : Running with Spring Boot v4.1.1, Spring v7.0.9
2026-09-01T19:15:55.905+05:30  INFO 44368 --- [google-oauth2-sso-restapi] [restartedMain] c.f.GoogleOauth2SsoRestapiApplication    : No active profile set, falling back to 1 default profile: "default"
2026-09-01T19:15:56.290+05:30  INFO 44368 --- [google-oauth2-sso-restapi] [restartedMain] .s.d.r.c.RepositoryConfigurationDelegate : Bootstrapping Spring Data JPA repositories in DEFAULT mode.
2026-09-01T19:15:56.318+05:30  INFO 44368 --- [google-oauth2-sso-restapi] [restartedMain] .s.d.r.c.RepositoryConfigurationDelegate : Finished Spring Data repository scanning in 25 ms. Found 2 JPA repository interfaces.
2026-09-01T19:15:56.486+05:30  INFO 44368 --- [google-oauth2-sso-restapi] [restartedMain] o.s.boot.tomcat.TomcatWebServer          : Tomcat initialized with port 8080 (http)
2026-09-01T19:15:56.490+05:30  INFO 44368 --- [google-oauth2-sso-restapi] [restartedMain] o.apache.catalina.core.StandardService   : Starting service [Tomcat]
2026-09-01T19:15:56.491+05:30  INFO 44368 --- [google-oauth2-sso-restapi] [restartedMain] o.apache.catalina.core.StandardEngine    : Starting Servlet engine: [Apache Tomcat/11.0.24]
2026-09-01T19:15:56.541+05:30  INFO 44368 --- [google-oauth2-sso-restapi] [restartedMain] b.w.c.s.WebApplicationContextInitializer : Root WebApplicationContext: initialization completed in 630 ms
2026-09-01T19:15:56.656+05:30  INFO 44368 --- [google-oauth2-sso-restapi] [restartedMain] org.hibernate.orm.jpa                    : HHH008540: Processing PersistenceUnitInfo [name: default]
2026-09-01T19:15:56.704+05:30  INFO 44368 --- [google-oauth2-sso-restapi] [restartedMain] o.s.o.j.p.SpringPersistenceUnitInfo      : No LoadTimeWeaver setup: ignoring JPA class transformer
2026-09-01T19:15:56.709+05:30  INFO 44368 --- [google-oauth2-sso-restapi] [restartedMain] com.zaxxer.hikari.HikariDataSource       : HikariPool-3 - Starting...
2026-09-01T19:15:56.808+05:30  INFO 44368 --- [google-oauth2-sso-restapi] [restartedMain] com.zaxxer.hikari.pool.HikariPool        : HikariPool-3 - Added connection oracle.jdbc.driver.T4CConnection@6ae3cd8e
2026-09-01T19:15:56.809+05:30  INFO 44368 --- [google-oauth2-sso-restapi] [restartedMain] com.zaxxer.hikari.HikariDataSource       : HikariPool-3 - Start completed.
2026-09-01T19:15:56.823+05:30  WARN 44368 --- [google-oauth2-sso-restapi] [restartedMain] org.hibernate.orm.jdbc                   : HHH100123: Low default JDBC fetch size: 10 (consider setting 'hibernate.jdbc.fetch_size')
2026-09-01T19:15:56.823+05:30  INFO 44368 --- [google-oauth2-sso-restapi] [restartedMain] org.hibernate.orm.connections.pooling    : HHH10001005: Database info:
	Database JDBC URL [jdbc:oracle:thin:@localhost:1521:orcl]
	Database driver: Oracle JDBC driver
	Database dialect: OracleDialect
	Database version: 21.3
	Default catalog/schema: undefined/SUNITHA
	Autocommit mode: undefined/unknown
	Isolation level: READ_COMMITTED [default READ_COMMITTED]
	JDBC fetch size: 10
	Pool: DataSourceConnectionProvider
	Minimum pool size: undefined/unknown
	Maximum pool size: undefined/unknown
2026-09-01T19:15:56.947+05:30  INFO 44368 --- [google-oauth2-sso-restapi] [restartedMain] org.hibernate.orm.core                   : HHH000489: No JTA platform available (set 'hibernate.transaction.jta.platform' to enable JTA platform integration)
2026-09-01T19:15:57.490+05:30  INFO 44368 --- [google-oauth2-sso-restapi] [restartedMain] j.LocalContainerEntityManagerFactoryBean : Initialized JPA EntityManagerFactory for persistence unit 'default'
2026-09-01T19:15:57.662+05:30  WARN 44368 --- [google-oauth2-sso-restapi] [restartedMain] JpaBaseConfiguration$JpaWebConfiguration : spring.jpa.open-in-view is enabled by default. Therefore, database queries may be performed during view rendering. Explicitly configure spring.jpa.open-in-view to disable this warning
2026-09-01T19:15:57.933+05:30  INFO 44368 --- [google-oauth2-sso-restapi] [restartedMain] o.s.boot.tomcat.TomcatWebServer          : Tomcat started on port 8080 (http) with context path '/'
2026-09-01T19:15:57.938+05:30  INFO 44368 --- [google-oauth2-sso-restapi] [restartedMain] c.f.GoogleOauth2SsoRestapiApplication    : Started GoogleOauth2SsoRestapiApplication in 2.093 seconds (process running for 261.228)
2026-09-01T19:15:57.940+05:30  INFO 44368 --- [google-oauth2-sso-restapi] [restartedMain] .ConditionEvaluationDeltaLoggingListener : Condition evaluation unchanged
2026-09-01T19:16:04.595+05:30  INFO 44368 --- [google-oauth2-sso-restapi] [File Watcher] rtingClassPathChangeChangedEventListener : Restarting due to 1 class path change (0 additions, 0 deletions, 1 modification)
2026-09-01T19:16:04.607+05:30  INFO 44368 --- [google-oauth2-sso-restapi] [Thread-10] o.s.boot.tomcat.GracefulShutdown         : Commencing graceful shutdown. Waiting for active requests to complete
2026-09-01T19:16:04.615+05:30  INFO 44368 --- [google-oauth2-sso-restapi] [tomcat-shutdown] o.s.boot.tomcat.GracefulShutdown         : Graceful shutdown complete
2026-09-01T19:16:04.622+05:30  INFO 44368 --- [google-oauth2-sso-restapi] [Thread-10] j.LocalContainerEntityManagerFactoryBean : Closing JPA EntityManagerFactory for persistence unit 'default'
2026-09-01T19:16:04.623+05:30  INFO 44368 --- [google-oauth2-sso-restapi] [Thread-10] com.zaxxer.hikari.HikariDataSource       : HikariPool-3 - Shutdown initiated...
2026-09-01T19:16:04.638+05:30  INFO 44368 --- [google-oauth2-sso-restapi] [Thread-10] com.zaxxer.hikari.HikariDataSource       : HikariPool-3 - Shutdown completed.
2026-09-01T19:16:04.796+05:30  INFO 44368 --- [google-oauth2-sso-restapi] [restartedMain] c.f.GoogleOauth2SsoRestapiApplication    : Starting GoogleOauth2SsoRestapiApplication using Java 21.0.8 with PID 44368 (D:\AssignmentFragma\google-oauth2-sso-restapi\target\classes started by Sunitha in D:\AssignmentFragma\google-oauth2-sso-restapi)
2026-09-01T19:16:04.797+05:30 DEBUG 44368 --- [google-oauth2-sso-restapi] [restartedMain] c.f.GoogleOauth2SsoRestapiApplication    : Running with Spring Boot v4.1.1, Spring v7.0.9
2026-09-01T19:16:04.797+05:30  INFO 44368 --- [google-oauth2-sso-restapi] [restartedMain] c.f.GoogleOauth2SsoRestapiApplication    : No active profile set, falling back to 1 default profile: "default"
2026-09-01T19:16:05.162+05:30  INFO 44368 --- [google-oauth2-sso-restapi] [restartedMain] .s.d.r.c.RepositoryConfigurationDelegate : Bootstrapping Spring Data JPA repositories in DEFAULT mode.
2026-09-01T19:16:05.197+05:30  INFO 44368 --- [google-oauth2-sso-restapi] [restartedMain] .s.d.r.c.RepositoryConfigurationDelegate : Finished Spring Data repository scanning in 27 ms. Found 2 JPA repository interfaces.
2026-09-01T19:16:05.469+05:30  INFO 44368 --- [google-oauth2-sso-restapi] [restartedMain] o.s.boot.tomcat.TomcatWebServer          : Tomcat initialized with port 8080 (http)
2026-09-01T19:16:05.471+05:30  INFO 44368 --- [google-oauth2-sso-restapi] [restartedMain] o.apache.catalina.core.StandardService   : Starting service [Tomcat]
2026-09-01T19:16:05.473+05:30  INFO 44368 --- [google-oauth2-sso-restapi] [restartedMain] o.apache.catalina.core.StandardEngine    : Starting Servlet engine: [Apache Tomcat/11.0.24]
2026-09-01T19:16:05.515+05:30  INFO 44368 --- [google-oauth2-sso-restapi] [restartedMain] b.w.c.s.WebApplicationContextInitializer : Root WebApplicationContext: initialization completed in 709 ms
2026-09-01T19:16:05.595+05:30  INFO 44368 --- [google-oauth2-sso-restapi] [restartedMain] org.hibernate.orm.jpa                    : HHH008540: Processing PersistenceUnitInfo [name: default]
2026-09-01T19:16:05.626+05:30  INFO 44368 --- [google-oauth2-sso-restapi] [restartedMain] o.s.o.j.p.SpringPersistenceUnitInfo      : No LoadTimeWeaver setup: ignoring JPA class transformer
2026-09-01T19:16:05.627+05:30  INFO 44368 --- [google-oauth2-sso-restapi] [restartedMain] com.zaxxer.hikari.HikariDataSource       : HikariPool-4 - Starting...
2026-09-01T19:16:05.713+05:30  INFO 44368 --- [google-oauth2-sso-restapi] [restartedMain] com.zaxxer.hikari.pool.HikariPool        : HikariPool-4 - Added connection oracle.jdbc.driver.T4CConnection@636e0ce3
2026-09-01T19:16:05.715+05:30  INFO 44368 --- [google-oauth2-sso-restapi] [restartedMain] com.zaxxer.hikari.HikariDataSource       : HikariPool-4 - Start completed.
2026-09-01T19:16:05.742+05:30  WARN 44368 --- [google-oauth2-sso-restapi] [restartedMain] org.hibernate.orm.jdbc                   : HHH100123: Low default JDBC fetch size: 10 (consider setting 'hibernate.jdbc.fetch_size')
2026-09-01T19:16:05.742+05:30  INFO 44368 --- [google-oauth2-sso-restapi] [restartedMain] org.hibernate.orm.connections.pooling    : HHH10001005: Database info:
	Database JDBC URL [jdbc:oracle:thin:@localhost:1521:orcl]
	Database driver: Oracle JDBC driver
	Database dialect: OracleDialect
	Database version: 21.3
	Default catalog/schema: undefined/SUNITHA
	Autocommit mode: undefined/unknown
	Isolation level: READ_COMMITTED [default READ_COMMITTED]
	JDBC fetch size: 10
	Pool: DataSourceConnectionProvider
	Minimum pool size: undefined/unknown
	Maximum pool size: undefined/unknown
2026-09-01T19:16:05.899+05:30  INFO 44368 --- [google-oauth2-sso-restapi] [restartedMain] org.hibernate.orm.core                   : HHH000489: No JTA platform available (set 'hibernate.transaction.jta.platform' to enable JTA platform integration)
2026-09-01T19:16:06.365+05:30  INFO 44368 --- [google-oauth2-sso-restapi] [restartedMain] j.LocalContainerEntityManagerFactoryBean : Initialized JPA EntityManagerFactory for persistence unit 'default'
2026-09-01T19:16:06.507+05:30  WARN 44368 --- [google-oauth2-sso-restapi] [restartedMain] JpaBaseConfiguration$JpaWebConfiguration : spring.jpa.open-in-view is enabled by default. Therefore, database queries may be performed during view rendering. Explicitly configure spring.jpa.open-in-view to disable this warning
2026-09-01T19:16:06.875+05:30  INFO 44368 --- [google-oauth2-sso-restapi] [restartedMain] o.s.boot.tomcat.TomcatWebServer          : Tomcat started on port 8080 (http) with context path '/'
2026-09-01T19:16:06.880+05:30  INFO 44368 --- [google-oauth2-sso-restapi] [restartedMain] c.f.GoogleOauth2SsoRestapiApplication    : Started GoogleOauth2SsoRestapiApplication in 2.125 seconds (process running for 270.17)
2026-09-01T19:16:06.884+05:30  INFO 44368 --- [google-oauth2-sso-restapi] [restartedMain] .ConditionEvaluationDeltaLoggingListener : Condition evaluation unchanged
2026-09-01T19:16:16.174+05:30  INFO 44368 --- [google-oauth2-sso-restapi] [http-nio-8080-exec-2] o.a.c.c.C.[Tomcat].[localhost].[/]       : Initializing Spring DispatcherServlet 'dispatcherServlet'
2026-09-01T19:16:16.174+05:30  INFO 44368 --- [google-oauth2-sso-restapi] [http-nio-8080-exec-2] o.s.web.servlet.DispatcherServlet        : Initializing Servlet 'dispatcherServlet'
2026-09-01T19:16:16.187+05:30  INFO 44368 --- [google-oauth2-sso-restapi] [http-nio-8080-exec-2] o.s.web.servlet.DispatcherServlet        : Completed initialization in 13 ms
2026-09-01T19:16:16.196+05:30  INFO 44368 --- [google-oauth2-sso-restapi] [http-nio-8080-exec-2] com.fragma.controller.AuthController     : Fetching OAuth registration data
2026-09-01T19:16:20.119+05:30  INFO 44368 --- [google-oauth2-sso-restapi] [http-nio-8080-exec-4] com.fragma.controller.AuthController     : User registration request received
2026-09-01T19:16:20.121+05:30  INFO 44368 --- [google-oauth2-sso-restapi] [http-nio-8080-exec-4] com.fragma.controller.AuthController     : Creating user account from OAuth profile
2026-09-01T19:16:20.123+05:30  INFO 44368 --- [google-oauth2-sso-restapi] [http-nio-8080-exec-4] com.fragma.service.AuthService           : Starting user registration
2026-09-01T19:16:20.157+05:30  INFO 44368 --- [google-oauth2-sso-restapi] [http-nio-8080-exec-4] com.fragma.service.AuthService           : User registration completed successfully
2026-09-01T19:16:20.277+05:30  INFO 44368 --- [google-oauth2-sso-restapi] [http-nio-8080-exec-5] com.fragma.controller.AuthController     : Profile request received
2026-09-01T19:16:20.277+05:30 DEBUG 44368 --- [google-oauth2-sso-restapi] [http-nio-8080-exec-5] com.fragma.controller.AuthController     : Fetching profile for authenticated user
2026-09-01T19:16:20.279+05:30  INFO 44368 --- [google-oauth2-sso-restapi] [http-nio-8080-exec-5] com.fragma.service.AuthService           : Searching for user profile
2026-09-01T19:16:21.924+05:30  INFO 44368 --- [google-oauth2-sso-restapi] [http-nio-8080-exec-7] com.fragma.service.AuthService           : Fetching enabled OAuth providers from database
2026-09-01T19:23:55.840+05:30  INFO 44368 --- [google-oauth2-sso-restapi] [File Watcher] rtingClassPathChangeChangedEventListener : Restarting due to 1 class path change (0 additions, 0 deletions, 1 modification)
2026-09-01T19:23:55.843+05:30  INFO 44368 --- [google-oauth2-sso-restapi] [Thread-14] o.s.boot.tomcat.GracefulShutdown         : Commencing graceful shutdown. Waiting for active requests to complete
2026-09-01T19:23:55.861+05:30  INFO 44368 --- [google-oauth2-sso-restapi] [tomcat-shutdown] o.s.boot.tomcat.GracefulShutdown         : Graceful shutdown complete
2026-09-01T19:23:55.869+05:30  INFO 44368 --- [google-oauth2-sso-restapi] [Thread-14] j.LocalContainerEntityManagerFactoryBean : Closing JPA EntityManagerFactory for persistence unit 'default'
2026-09-01T19:23:55.871+05:30  INFO 44368 --- [google-oauth2-sso-restapi] [Thread-14] com.zaxxer.hikari.HikariDataSource       : HikariPool-4 - Shutdown initiated...
2026-09-01T19:23:55.888+05:30  INFO 44368 --- [google-oauth2-sso-restapi] [Thread-14] com.zaxxer.hikari.HikariDataSource       : HikariPool-4 - Shutdown completed.
2026-09-01T19:23:56.049+05:30  INFO 44368 --- [google-oauth2-sso-restapi] [restartedMain] c.f.GoogleOauth2SsoRestapiApplication    : Starting GoogleOauth2SsoRestapiApplication using Java 21.0.8 with PID 44368 (D:\AssignmentFragma\google-oauth2-sso-restapi\target\classes started by Sunitha in D:\AssignmentFragma\google-oauth2-sso-restapi)
2026-09-01T19:23:56.049+05:30 DEBUG 44368 --- [google-oauth2-sso-restapi] [restartedMain] c.f.GoogleOauth2SsoRestapiApplication    : Running with Spring Boot v4.1.1, Spring v7.0.9
2026-09-01T19:23:56.050+05:30  INFO 44368 --- [google-oauth2-sso-restapi] [restartedMain] c.f.GoogleOauth2SsoRestapiApplication    : No active profile set, falling back to 1 default profile: "default"
2026-09-01T19:23:56.250+05:30  INFO 44368 --- [google-oauth2-sso-restapi] [restartedMain] .s.d.r.c.RepositoryConfigurationDelegate : Bootstrapping Spring Data JPA repositories in DEFAULT mode.
2026-09-01T19:23:56.275+05:30  INFO 44368 --- [google-oauth2-sso-restapi] [restartedMain] .s.d.r.c.RepositoryConfigurationDelegate : Finished Spring Data repository scanning in 22 ms. Found 2 JPA repository interfaces.
2026-09-01T19:23:56.571+05:30  INFO 44368 --- [google-oauth2-sso-restapi] [restartedMain] o.s.boot.tomcat.TomcatWebServer          : Tomcat initialized with port 8080 (http)
2026-09-01T19:23:56.574+05:30  INFO 44368 --- [google-oauth2-sso-restapi] [restartedMain] o.apache.catalina.core.StandardService   : Starting service [Tomcat]
2026-09-01T19:23:56.578+05:30  INFO 44368 --- [google-oauth2-sso-restapi] [restartedMain] o.apache.catalina.core.StandardEngine    : Starting Servlet engine: [Apache Tomcat/11.0.24]
2026-09-01T19:23:56.628+05:30  INFO 44368 --- [google-oauth2-sso-restapi] [restartedMain] b.w.c.s.WebApplicationContextInitializer : Root WebApplicationContext: initialization completed in 576 ms
2026-09-01T19:23:56.684+05:30  INFO 44368 --- [google-oauth2-sso-restapi] [restartedMain] org.hibernate.orm.jpa                    : HHH008540: Processing PersistenceUnitInfo [name: default]
2026-09-01T19:23:56.726+05:30  INFO 44368 --- [google-oauth2-sso-restapi] [restartedMain] o.s.o.j.p.SpringPersistenceUnitInfo      : No LoadTimeWeaver setup: ignoring JPA class transformer
2026-09-01T19:23:56.728+05:30  INFO 44368 --- [google-oauth2-sso-restapi] [restartedMain] com.zaxxer.hikari.HikariDataSource       : HikariPool-5 - Starting...
2026-09-01T19:23:56.832+05:30  INFO 44368 --- [google-oauth2-sso-restapi] [restartedMain] com.zaxxer.hikari.pool.HikariPool        : HikariPool-5 - Added connection oracle.jdbc.driver.T4CConnection@32de8d48
2026-09-01T19:23:56.832+05:30  INFO 44368 --- [google-oauth2-sso-restapi] [restartedMain] com.zaxxer.hikari.HikariDataSource       : HikariPool-5 - Start completed.
2026-09-01T19:23:56.839+05:30  WARN 44368 --- [google-oauth2-sso-restapi] [restartedMain] org.hibernate.orm.jdbc                   : HHH100123: Low default JDBC fetch size: 10 (consider setting 'hibernate.jdbc.fetch_size')
2026-09-01T19:23:56.839+05:30  INFO 44368 --- [google-oauth2-sso-restapi] [restartedMain] org.hibernate.orm.connections.pooling    : HHH10001005: Database info:
	Database JDBC URL [jdbc:oracle:thin:@localhost:1521:orcl]
	Database driver: Oracle JDBC driver
	Database dialect: OracleDialect
	Database version: 21.3
	Default catalog/schema: undefined/SUNITHA
	Autocommit mode: undefined/unknown
	Isolation level: READ_COMMITTED [default READ_COMMITTED]
	JDBC fetch size: 10
	Pool: DataSourceConnectionProvider
	Minimum pool size: undefined/unknown
	Maximum pool size: undefined/unknown
2026-09-01T19:23:56.939+05:30  INFO 44368 --- [google-oauth2-sso-restapi] [restartedMain] org.hibernate.orm.core                   : HHH000489: No JTA platform available (set 'hibernate.transaction.jta.platform' to enable JTA platform integration)
2026-09-01T19:23:57.380+05:30  INFO 44368 --- [google-oauth2-sso-restapi] [restartedMain] j.LocalContainerEntityManagerFactoryBean : Initialized JPA EntityManagerFactory for persistence unit 'default'
2026-09-01T19:23:57.557+05:30  WARN 44368 --- [google-oauth2-sso-restapi] [restartedMain] JpaBaseConfiguration$JpaWebConfiguration : spring.jpa.open-in-view is enabled by default. Therefore, database queries may be performed during view rendering. Explicitly configure spring.jpa.open-in-view to disable this warning
2026-09-01T19:23:57.915+05:30  INFO 44368 --- [google-oauth2-sso-restapi] [restartedMain] o.s.boot.tomcat.TomcatWebServer          : Tomcat started on port 8080 (http) with context path '/'
2026-09-01T19:23:57.920+05:30  INFO 44368 --- [google-oauth2-sso-restapi] [restartedMain] c.f.GoogleOauth2SsoRestapiApplication    : Started GoogleOauth2SsoRestapiApplication in 1.908 seconds (process running for 741.211)
2026-09-01T19:23:57.926+05:30  INFO 44368 --- [google-oauth2-sso-restapi] [restartedMain] .ConditionEvaluationDeltaLoggingListener : Condition evaluation unchanged
2026-09-01T19:24:09.434+05:30  INFO 44368 --- [google-oauth2-sso-restapi] [http-nio-8080-exec-1] o.a.c.c.C.[Tomcat].[localhost].[/]       : Initializing Spring DispatcherServlet 'dispatcherServlet'
2026-09-01T19:24:09.436+05:30  INFO 44368 --- [google-oauth2-sso-restapi] [http-nio-8080-exec-1] o.s.web.servlet.DispatcherServlet        : Initializing Servlet 'dispatcherServlet'
2026-09-01T19:24:09.455+05:30  INFO 44368 --- [google-oauth2-sso-restapi] [http-nio-8080-exec-1] o.s.web.servlet.DispatcherServlet        : Completed initialization in 19 ms
2026-09-01T19:24:09.465+05:30  INFO 44368 --- [google-oauth2-sso-restapi] [http-nio-8080-exec-1] com.fragma.service.AuthService           : Fetching enabled OAuth providers from database
2026-09-01T19:24:10.783+05:30  INFO 44368 --- [google-oauth2-sso-restapi] [http-nio-8080-exec-2] com.fragma.controller.AuthController     : OAuth login request received for provider: google
2026-09-01T19:24:10.802+05:30  INFO 44368 --- [google-oauth2-sso-restapi] [http-nio-8080-exec-2] com.fragma.controller.AuthController     : OAuth provider validated: google
2026-09-01T19:24:10.802+05:30  INFO 44368 --- [google-oauth2-sso-restapi] [http-nio-8080-exec-2] com.fragma.controller.AuthController     : Redirecting user to OAuth authorization endpoint
2026-09-01T19:24:21.172+05:30  INFO 44368 --- [google-oauth2-sso-restapi] [http-nio-8080-exec-4] com.fragma.config.OAuth2SuccessHandler   : OAuth authentication successful
2026-09-01T19:24:21.174+05:30  INFO 44368 --- [google-oauth2-sso-restapi] [http-nio-8080-exec-4] com.fragma.config.OAuth2SuccessHandler   : OAuth provider authentication completed: google
2026-09-01T19:24:21.177+05:30  INFO 44368 --- [google-oauth2-sso-restapi] [http-nio-8080-exec-4] com.fragma.config.OAuth2SuccessHandler   : Checking whether OAuth user is already registered or not
2026-09-01T19:24:21.184+05:30 DEBUG 44368 --- [google-oauth2-sso-restapi] [http-nio-8080-exec-4] com.fragma.service.AuthService           : Checking whether user already exists
2026-09-01T19:24:21.324+05:30  INFO 44368 --- [google-oauth2-sso-restapi] [http-nio-8080-exec-4] com.fragma.service.AuthService           : Existing user found
2026-09-01T19:24:21.340+05:30  INFO 44368 --- [google-oauth2-sso-restapi] [http-nio-8080-exec-4] com.fragma.config.OAuth2SuccessHandler   : Existing user detected. Redirecting to profile page
2026-09-01T19:24:21.656+05:30  INFO 44368 --- [google-oauth2-sso-restapi] [http-nio-8080-exec-5] com.fragma.controller.AuthController     : Profile request received
2026-09-01T19:24:21.659+05:30 DEBUG 44368 --- [google-oauth2-sso-restapi] [http-nio-8080-exec-5] com.fragma.controller.AuthController     : Fetching profile for authenticated user
2026-09-01T19:24:21.659+05:30  INFO 44368 --- [google-oauth2-sso-restapi] [http-nio-8080-exec-5] com.fragma.service.AuthService           : Searching for user profile
